--
-- PostgreSQL database dump
--

-- Dumped from database version 14.4
-- Dumped by pg_dump version 14.4

SET statement_timeout = 0;
SET lock_timeout = 0;
SET idle_in_transaction_session_timeout = 0;
SET client_encoding = 'UTF8';
SET standard_conforming_strings = on;
SELECT pg_catalog.set_config('search_path', '', false);
SET check_function_bodies = false;
SET xmloption = content;
SET client_min_messages = warning;
SET row_security = off;

SET default_tablespace = '';

SET default_table_access_method = heap;

--
-- Name: api_token; Type: TABLE; Schema: public; Owner: postgres
--

CREATE TABLE public.api_token (
    id integer NOT NULL,
    token character varying(255) NOT NULL,
    user_login character varying(255) NOT NULL
);


ALTER TABLE public.api_token OWNER TO postgres;

--
-- Name: api_token_id_seq; Type: SEQUENCE; Schema: public; Owner: postgres
--

ALTER TABLE public.api_token ALTER COLUMN id ADD GENERATED BY DEFAULT AS IDENTITY (
    SEQUENCE NAME public.api_token_id_seq
    START WITH 1
    INCREMENT BY 1
    NO MINVALUE
    NO MAXVALUE
    CACHE 1
);


--
-- Name: changed_variable; Type: TABLE; Schema: public; Owner: postgres
--

CREATE TABLE public.changed_variable (
    id integer NOT NULL,
    changed_variable character varying(16) NOT NULL,
    value_before text NOT NULL,
    value_after text NOT NULL,
    newsfeed_event_id integer NOT NULL,
    deleted boolean DEFAULT false NOT NULL
);


ALTER TABLE public.changed_variable OWNER TO postgres;

--
-- Name: changed_variable_id_seq; Type: SEQUENCE; Schema: public; Owner: postgres
--

ALTER TABLE public.changed_variable ALTER COLUMN id ADD GENERATED BY DEFAULT AS IDENTITY (
    SEQUENCE NAME public.changed_variable_id_seq
    START WITH 1
    INCREMENT BY 1
    NO MINVALUE
    NO MAXVALUE
    CACHE 1
);


--
-- Name: databasechangelog; Type: TABLE; Schema: public; Owner: postgres
--

CREATE TABLE public.databasechangelog (
    id character varying(255) NOT NULL,
    author character varying(255) NOT NULL,
    filename character varying(255) NOT NULL,
    dateexecuted timestamp without time zone NOT NULL,
    orderexecuted integer NOT NULL,
    exectype character varying(10) NOT NULL,
    md5sum character varying(35),
    description character varying(255),
    comments character varying(255),
    tag character varying(255),
    liquibase character varying(20),
    contexts character varying(255),
    labels character varying(255),
    deployment_id character varying(10)
);


ALTER TABLE public.databasechangelog OWNER TO postgres;

--
-- Name: databasechangeloglock; Type: TABLE; Schema: public; Owner: postgres
--

CREATE TABLE public.databasechangeloglock (
    id integer NOT NULL,
    locked boolean NOT NULL,
    lockgranted timestamp without time zone,
    lockedby character varying(255)
);


ALTER TABLE public.databasechangeloglock OWNER TO postgres;

--
-- Name: event; Type: TABLE; Schema: public; Owner: postgres
--

CREATE TABLE public.event (
    id integer NOT NULL,
    value character varying(255) NOT NULL
);


ALTER TABLE public.event OWNER TO postgres;

--
-- Name: event_id_seq; Type: SEQUENCE; Schema: public; Owner: postgres
--

ALTER TABLE public.event ALTER COLUMN id ADD GENERATED BY DEFAULT AS IDENTITY (
    SEQUENCE NAME public.event_id_seq
    START WITH 1
    INCREMENT BY 1
    NO MINVALUE
    NO MAXVALUE
    CACHE 1
);


--
-- Name: newsfeed_event; Type: TABLE; Schema: public; Owner: postgres
--

CREATE TABLE public.newsfeed_event (
    id integer NOT NULL,
    "time" time with time zone DEFAULT now() NOT NULL,
    date date DEFAULT now() NOT NULL,
    newsfeed_event_type character varying(16) NOT NULL,
    author_id integer,
    related_packagemaintainer_id integer,
    related_repositorymaintainer_id integer,
    related_user_id integer,
    related_submission_id integer,
    related_repository_id integer,
    related_package_id integer,
    deleted boolean DEFAULT false NOT NULL
);


ALTER TABLE public.newsfeed_event OWNER TO postgres;

--
-- Name: newsfeed_event_id_seq; Type: SEQUENCE; Schema: public; Owner: postgres
--

ALTER TABLE public.newsfeed_event ALTER COLUMN id ADD GENERATED BY DEFAULT AS IDENTITY (
    SEQUENCE NAME public.newsfeed_event_id_seq
    START WITH 1
    INCREMENT BY 1
    NO MINVALUE
    NO MAXVALUE
    CACHE 1
);


--
-- Name: package; Type: TABLE; Schema: public; Owner: postgres
--

CREATE TABLE public.package (
    id integer NOT NULL,
    name text NOT NULL,
    version text NOT NULL,
    description text NOT NULL,
    author text NOT NULL,
    maintainer_id integer NOT NULL,
    repository_id integer NOT NULL,
    url text,
    source text NOT NULL,
    title text NOT NULL,
    active boolean DEFAULT false NOT NULL,
    deleted boolean DEFAULT false NOT NULL,
    dtype text NOT NULL
);


ALTER TABLE public.package OWNER TO postgres;

--
-- Name: package_event; Type: TABLE; Schema: public; Owner: postgres
--

CREATE TABLE public.package_event (
    id integer NOT NULL,
    date date DEFAULT now() NOT NULL,
    package_id integer NOT NULL,
    event_id integer NOT NULL,
    changed_variable text NOT NULL,
    value_before text NOT NULL,
    value_after text NOT NULL,
    changed_by integer NOT NULL,
    "time" time with time zone DEFAULT now()
);


ALTER TABLE public.package_event OWNER TO postgres;

--
-- Name: package_event_id_seq; Type: SEQUENCE; Schema: public; Owner: postgres
--

ALTER TABLE public.package_event ALTER COLUMN id ADD GENERATED BY DEFAULT AS IDENTITY (
    SEQUENCE NAME public.package_event_id_seq
    START WITH 1
    INCREMENT BY 1
    NO MINVALUE
    NO MAXVALUE
    CACHE 1
);


--
-- Name: package_id_seq; Type: SEQUENCE; Schema: public; Owner: postgres
--

ALTER TABLE public.package ALTER COLUMN id ADD GENERATED BY DEFAULT AS IDENTITY (
    SEQUENCE NAME public.package_id_seq
    START WITH 1
    INCREMENT BY 1
    NO MINVALUE
    NO MAXVALUE
    CACHE 1
);


--
-- Name: package_maintainer; Type: TABLE; Schema: public; Owner: postgres
--

CREATE TABLE public.package_maintainer (
    id integer NOT NULL,
    user_id integer NOT NULL,
    package text NOT NULL,
    repository_id integer NOT NULL,
    deleted boolean DEFAULT false NOT NULL
);


ALTER TABLE public.package_maintainer OWNER TO postgres;

--
-- Name: package_maintainer_event; Type: TABLE; Schema: public; Owner: postgres
--

CREATE TABLE public.package_maintainer_event (
    id integer NOT NULL,
    date date DEFAULT now() NOT NULL,
    package_maintainer_id integer NOT NULL,
    event_id integer NOT NULL,
    changed_variable text NOT NULL,
    value_before text NOT NULL,
    value_after text NOT NULL,
    changed_by integer NOT NULL,
    "time" time with time zone DEFAULT now()
);


ALTER TABLE public.package_maintainer_event OWNER TO postgres;

--
-- Name: package_maintainer_event_id_seq; Type: SEQUENCE; Schema: public; Owner: postgres
--

ALTER TABLE public.package_maintainer_event ALTER COLUMN id ADD GENERATED BY DEFAULT AS IDENTITY (
    SEQUENCE NAME public.package_maintainer_event_id_seq
    START WITH 1
    INCREMENT BY 1
    NO MINVALUE
    NO MAXVALUE
    CACHE 1
);


--
-- Name: package_maintainer_id_seq; Type: SEQUENCE; Schema: public; Owner: postgres
--

ALTER TABLE public.package_maintainer ALTER COLUMN id ADD GENERATED BY DEFAULT AS IDENTITY (
    SEQUENCE NAME public.package_maintainer_id_seq
    START WITH 1
    INCREMENT BY 1
    NO MINVALUE
    NO MAXVALUE
    CACHE 1
);


--
-- Name: repository; Type: TABLE; Schema: public; Owner: postgres
--

CREATE TABLE public.repository (
    id integer NOT NULL,
    version integer DEFAULT 0 NOT NULL,
    publication_uri text NOT NULL,
    name text NOT NULL,
    server_address text NOT NULL,
    published boolean DEFAULT false NOT NULL,
    deleted boolean DEFAULT false NOT NULL,
    dtype text NOT NULL
);


ALTER TABLE public.repository OWNER TO postgres;

--
-- Name: repository_event; Type: TABLE; Schema: public; Owner: postgres
--

CREATE TABLE public.repository_event (
    id integer NOT NULL,
    date date DEFAULT now() NOT NULL,
    repository_id integer NOT NULL,
    event_id integer NOT NULL,
    changed_variable text NOT NULL,
    value_before text NOT NULL,
    value_after text NOT NULL,
    changed_by integer NOT NULL,
    "time" time with time zone DEFAULT now()
);


ALTER TABLE public.repository_event OWNER TO postgres;

--
-- Name: repository_event_id_seq; Type: SEQUENCE; Schema: public; Owner: postgres
--

ALTER TABLE public.repository_event ALTER COLUMN id ADD GENERATED BY DEFAULT AS IDENTITY (
    SEQUENCE NAME public.repository_event_id_seq
    START WITH 1
    INCREMENT BY 1
    NO MINVALUE
    NO MAXVALUE
    CACHE 1
);


--
-- Name: repository_id_seq; Type: SEQUENCE; Schema: public; Owner: postgres
--

ALTER TABLE public.repository ALTER COLUMN id ADD GENERATED BY DEFAULT AS IDENTITY (
    SEQUENCE NAME public.repository_id_seq
    START WITH 1
    INCREMENT BY 1
    NO MINVALUE
    NO MAXVALUE
    CACHE 1
);


--
-- Name: repository_maintainer; Type: TABLE; Schema: public; Owner: postgres
--

CREATE TABLE public.repository_maintainer (
    id integer NOT NULL,
    user_id integer NOT NULL,
    repository_id integer NOT NULL,
    deleted boolean DEFAULT false NOT NULL
);


ALTER TABLE public.repository_maintainer OWNER TO postgres;

--
-- Name: repository_maintainer_event; Type: TABLE; Schema: public; Owner: postgres
--

CREATE TABLE public.repository_maintainer_event (
    id integer NOT NULL,
    date date DEFAULT now() NOT NULL,
    repository_maintainer_id integer NOT NULL,
    event_id integer NOT NULL,
    changed_variable text NOT NULL,
    value_before text NOT NULL,
    value_after text NOT NULL,
    changed_by integer NOT NULL,
    "time" time with time zone DEFAULT now()
);


ALTER TABLE public.repository_maintainer_event OWNER TO postgres;

--
-- Name: repository_maintainer_event_id_seq; Type: SEQUENCE; Schema: public; Owner: postgres
--

ALTER TABLE public.repository_maintainer_event ALTER COLUMN id ADD GENERATED BY DEFAULT AS IDENTITY (
    SEQUENCE NAME public.repository_maintainer_event_id_seq
    START WITH 1
    INCREMENT BY 1
    NO MINVALUE
    NO MAXVALUE
    CACHE 1
);


--
-- Name: repository_maintainer_id_seq; Type: SEQUENCE; Schema: public; Owner: postgres
--

ALTER TABLE public.repository_maintainer ALTER COLUMN id ADD GENERATED BY DEFAULT AS IDENTITY (
    SEQUENCE NAME public.repository_maintainer_id_seq
    START WITH 1
    INCREMENT BY 1
    NO MINVALUE
    NO MAXVALUE
    CACHE 1
);


--
-- Name: role; Type: TABLE; Schema: public; Owner: postgres
--

CREATE TABLE public.role (
    id integer NOT NULL,
    value integer NOT NULL,
    name text NOT NULL,
    description text NOT NULL,
    deleted boolean DEFAULT false
);


ALTER TABLE public.role OWNER TO postgres;

--
-- Name: role_id_seq; Type: SEQUENCE; Schema: public; Owner: postgres
--

ALTER TABLE public.role ALTER COLUMN id ADD GENERATED BY DEFAULT AS IDENTITY (
    SEQUENCE NAME public.role_id_seq
    START WITH 1
    INCREMENT BY 1
    NO MINVALUE
    NO MAXVALUE
    CACHE 1
);


--
-- Name: rpackage; Type: TABLE; Schema: public; Owner: postgres
--

CREATE TABLE public.rpackage (
    id integer NOT NULL,
    depends text,
    imports text,
    suggests text,
    system_requirements text,
    license text NOT NULL,
    md5sum text
);


ALTER TABLE public.rpackage OWNER TO postgres;

--
-- Name: rrepository; Type: TABLE; Schema: public; Owner: postgres
--

CREATE TABLE public.rrepository (
    id integer NOT NULL
);


ALTER TABLE public.rrepository OWNER TO postgres;

--
-- Name: submission; Type: TABLE; Schema: public; Owner: postgres
--

CREATE TABLE public.submission (
    id integer NOT NULL,
    submitter_id integer NOT NULL,
    package_id integer NOT NULL,
    changes text,
    state text
);


ALTER TABLE public.submission OWNER TO postgres;

--
-- Name: submission_event; Type: TABLE; Schema: public; Owner: postgres
--

CREATE TABLE public.submission_event (
    id integer NOT NULL,
    date date DEFAULT now() NOT NULL,
    submission_id integer NOT NULL,
    event_id integer NOT NULL,
    changed_variable text NOT NULL,
    value_before text NOT NULL,
    value_after text NOT NULL,
    changed_by integer NOT NULL,
    "time" time with time zone DEFAULT now()
);


ALTER TABLE public.submission_event OWNER TO postgres;

--
-- Name: submission_event_id_seq; Type: SEQUENCE; Schema: public; Owner: postgres
--

ALTER TABLE public.submission_event ALTER COLUMN id ADD GENERATED BY DEFAULT AS IDENTITY (
    SEQUENCE NAME public.submission_event_id_seq
    START WITH 1
    INCREMENT BY 1
    NO MINVALUE
    NO MAXVALUE
    CACHE 1
);


--
-- Name: submission_id_seq; Type: SEQUENCE; Schema: public; Owner: postgres
--

ALTER TABLE public.submission ALTER COLUMN id ADD GENERATED BY DEFAULT AS IDENTITY (
    SEQUENCE NAME public.submission_id_seq
    START WITH 1
    INCREMENT BY 1
    NO MINVALUE
    NO MAXVALUE
    CACHE 1
);


--
-- Name: user; Type: TABLE; Schema: public; Owner: postgres
--

CREATE TABLE public."user" (
    id integer NOT NULL,
    role_id integer DEFAULT 4 NOT NULL,
    name text NOT NULL,
    email text NOT NULL,
    login text NOT NULL,
    active boolean NOT NULL,
    last_logged_in_on date,
    deleted boolean DEFAULT false NOT NULL,
    created_on timestamp without time zone DEFAULT now() NOT NULL
);


ALTER TABLE public."user" OWNER TO postgres;

--
-- Name: user_event; Type: TABLE; Schema: public; Owner: postgres
--

CREATE TABLE public.user_event (
    id integer NOT NULL,
    date date DEFAULT now() NOT NULL,
    user_id integer NOT NULL,
    event_id integer NOT NULL,
    changed_variable text NOT NULL,
    value_before text NOT NULL,
    value_after text NOT NULL,
    changed_by integer NOT NULL,
    "time" time with time zone DEFAULT now()
);


ALTER TABLE public.user_event OWNER TO postgres;

--
-- Name: user_event_id_seq; Type: SEQUENCE; Schema: public; Owner: postgres
--

ALTER TABLE public.user_event ALTER COLUMN id ADD GENERATED BY DEFAULT AS IDENTITY (
    SEQUENCE NAME public.user_event_id_seq
    START WITH 1
    INCREMENT BY 1
    NO MINVALUE
    NO MAXVALUE
    CACHE 1
);


--
-- Name: user_id_seq; Type: SEQUENCE; Schema: public; Owner: postgres
--

ALTER TABLE public."user" ALTER COLUMN id ADD GENERATED BY DEFAULT AS IDENTITY (
    SEQUENCE NAME public.user_id_seq
    START WITH 1
    INCREMENT BY 1
    NO MINVALUE
    NO MAXVALUE
    CACHE 1
);


--
-- Data for Name: api_token; Type: TABLE DATA; Schema: public; Owner: postgres
--

COPY public.api_token (id, token, user_login) FROM stdin;
2	eyJ0eXAiOiJKV1QiLCJhbGciOiJIUzUxMiJ9.eyJzdWIiOiJlaW5zdGVpbiJ9.9VweA_kotRnnLn9giSE511MhWX4iDwtx85lidw_ZT5iTQ1aOB-3ytJNDB_Mrcop2H22MNhMjbpUW_sraHdvOlw	einstein
3	eyJ0eXAiOiJKV1QiLCJhbGciOiJIUzUxMiJ9.eyJzdWIiOiJ0ZXNsYSJ9.FEQ3KqMvTj4LQAgQx23f6Y0Z7PzKHgcO1a1UodG5iwCrzXhk6tHCR6V0T16F1tWtMMF0a3AQIShczN__d6KsFA	tesla
4	eyJ0eXAiOiJKV1QiLCJhbGciOiJIUzUxMiJ9.eyJzdWIiOiJnYWxpZWxlbyJ9.Hp95DiIZ0L0JXyQZOvhJkzyTDzNuos81QoTWfLeVPlodWvGg7ziJTI6nJFitg5VAwrGmA4wpbWbjK9aItCKB3A	galieleo
5	eyJ0eXAiOiJKV1QiLCJhbGciOiJIUzUxMiJ9.eyJzdWIiOiJuZXd0b24ifQ.3E7UwKTwc8DchKRUSD_hdJxOcl4L6SOguwbm9WmVzWU4YDQMkIJ_wVNidpus6gNJvyT6OR6pREkfQCnWkEhEBQ	newton
\.


--
-- Data for Name: changed_variable; Type: TABLE DATA; Schema: public; Owner: postgres
--

COPY public.changed_variable (id, changed_variable, value_before, value_after, newsfeed_event_id, deleted) FROM stdin;
\.


--
-- Data for Name: databasechangelog; Type: TABLE DATA; Schema: public; Owner: postgres
--

COPY public.databasechangelog (id, author, filename, dateexecuted, orderexecuted, exectype, md5sum, description, comments, tag, liquibase, contexts, labels, deployment_id) FROM stdin;
01_01_package_maintainer_table	pgleska	schema/01_schema.xml	2022-08-31 08:11:35.620685	1	EXECUTED	8:6cb87aba81caa5b872c5d3e4fcdeefa2	createTable tableName=package_maintainer		\N	3.8.9	\N	\N	1933495416
01_02_package_table	pgleska	schema/01_schema.xml	2022-08-31 08:11:35.657551	2	EXECUTED	8:796fae045695b4b5006a895b220a09d7	createTable tableName=package		\N	3.8.9	\N	\N	1933495416
01_03_repository_maintainer_table	pgleska	schema/01_schema.xml	2022-08-31 08:11:35.690389	3	EXECUTED	8:557cdc22bc0a8786f2b7af7fa79dc018	createTable tableName=repository_maintainer		\N	3.8.9	\N	\N	1933495416
01_04_repository_table	pgleska	schema/01_schema.xml	2022-08-31 08:11:35.729121	4	EXECUTED	8:2e159ea174c9be173f18d0120c26d331	createTable tableName=repository		\N	3.8.9	\N	\N	1933495416
01_05_role_table	pgleska	schema/01_schema.xml	2022-08-31 08:11:35.782473	5	EXECUTED	8:ae9da3ef5e182ffc2474d8ca2e62e60f	createTable tableName=role; insert tableName=role; insert tableName=role; insert tableName=role; insert tableName=role; sql		\N	3.8.9	\N	\N	1933495416
01_06_submmision_table	pgleska	schema/01_schema.xml	2022-08-31 08:11:35.820695	6	EXECUTED	8:f1071aa73fc479c9069456ba47aaa6c6	createTable tableName=submission		\N	3.8.9	\N	\N	1933495416
01_07_user_table	pgleska	schema/01_schema.xml	2022-08-31 08:11:35.877857	7	EXECUTED	8:e5ba6d4a4f6a53b3f255198b35dcd3a7	createTable tableName=user; insert tableName=user; insert tableName=user; insert tableName=user; insert tableName=user; insert tableName=user; sql		\N	3.8.9	\N	\N	1933495416
01_08_event_table	pgleska	schema/01_schema.xml	2022-08-31 08:11:35.919501	8	EXECUTED	8:6480418d4b3ecb7fa474976207ac32ea	createTable tableName=event; insert tableName=event; insert tableName=event; insert tableName=event		\N	3.8.9	\N	\N	1933495416
01_09_package_event_table	pgleska	schema/01_schema.xml	2022-08-31 08:11:35.954477	9	EXECUTED	8:64925bb9d80aa4aa3459e94fb0ce638f	createTable tableName=package_event		\N	3.8.9	\N	\N	1933495416
01_10_package_maintainer_event_table	pgleska	schema/01_schema.xml	2022-08-31 08:11:35.990697	10	EXECUTED	8:04622661249f01a2e9c6114aa4728355	createTable tableName=package_maintainer_event		\N	3.8.9	\N	\N	1933495416
01_11_repository_event_table	pgleska	schema/01_schema.xml	2022-08-31 08:11:36.02796	11	EXECUTED	8:7557766ae6409473e60e3e07baf57766	createTable tableName=repository_event		\N	3.8.9	\N	\N	1933495416
01_12_repository_maintainer_event_table	pgleska	schema/01_schema.xml	2022-08-31 08:11:36.064637	12	EXECUTED	8:2d311c672299b3b2fd59c5902af5e003	createTable tableName=repository_maintainer_event		\N	3.8.9	\N	\N	1933495416
01_13_submission_event_table	pgleska	schema/01_schema.xml	2022-08-31 08:11:36.104573	13	EXECUTED	8:35097b1c3a7c3c2dfab6a4ca14fa7567	createTable tableName=submission_event		\N	3.8.9	\N	\N	1933495416
01_14_user_event_table	pgleska	schema/01_schema.xml	2022-08-31 08:11:36.159834	14	EXECUTED	8:3663a9dc5039b9296f6a057925148f1f	createTable tableName=user_event; insert tableName=user_event; insert tableName=user_event; insert tableName=user_event; insert tableName=user_event; insert tableName=user_event; sql		\N	3.8.9	\N	\N	1933495416
01_15_addForeignKeyConstraint_by_user_package_event	pgleska	schema/01_schema.xml	2022-08-31 08:11:36.424065	15	EXECUTED	8:e4dcdd69fba47af4f71e7adf1d1b41a8	addForeignKeyConstraint baseTableName=package_event, constraintName=by_user, referencedTableName=user		\N	3.8.9	\N	\N	1933495416
01_16_addForeignKeyConstraint_by_user_package_maintainer_event	pgleska	schema/01_schema.xml	2022-08-31 08:11:36.626046	16	MARK_RAN	8:cb2d91e00e38c56d53e09e6a9ab5f9c7	addForeignKeyConstraint baseTableName=package_maintainer_event, constraintName=by_user, referencedTableName=user		\N	3.8.9	\N	\N	1933495416
01_17_addForeignKeyConstraint_by_user_repository_event	pgleska	schema/01_schema.xml	2022-08-31 08:11:36.821679	17	MARK_RAN	8:c65256d086359419c366ea45720934f2	addForeignKeyConstraint baseTableName=repository_event, constraintName=by_user, referencedTableName=user		\N	3.8.9	\N	\N	1933495416
01_18_addForeignKeyConstraint_by_user_repository_maintainer_event	pgleska	schema/01_schema.xml	2022-08-31 08:11:37.010469	18	MARK_RAN	8:92dcc121f885cb1f28866904512876d0	addForeignKeyConstraint baseTableName=repository_maintainer_event, constraintName=by_user, referencedTableName=user		\N	3.8.9	\N	\N	1933495416
01_19_addForeignKeyConstraint_by_user_submission_event	pgleska	schema/01_schema.xml	2022-08-31 08:11:37.182818	19	MARK_RAN	8:9b2572b2a4d231e51c920d408b8f4c67	addForeignKeyConstraint baseTableName=submission_event, constraintName=by_user, referencedTableName=user		\N	3.8.9	\N	\N	1933495416
01_20_addForeignKeyConstraint_by_user_user_event	pgleska	schema/01_schema.xml	2022-08-31 08:11:37.346193	20	MARK_RAN	8:514f1236ef886acb8b4213209d386030	addForeignKeyConstraint baseTableName=user_event, constraintName=by_user, referencedTableName=user		\N	3.8.9	\N	\N	1933495416
01_21_addForeignKeyConstraint_doing_event_package_event	pgleska	schema/01_schema.xml	2022-08-31 08:11:37.522022	21	EXECUTED	8:ff10ce7dd52b453549927e8cc61e3576	addForeignKeyConstraint baseTableName=package_event, constraintName=doing_event, referencedTableName=event		\N	3.8.9	\N	\N	1933495416
01_22_addForeignKeyConstraint_doing_event_package_maintainer_event	pgleska	schema/01_schema.xml	2022-08-31 08:11:37.685534	22	MARK_RAN	8:cef3250c5464cfc074f57ad6662d08af	addForeignKeyConstraint baseTableName=package_maintainer_event, constraintName=doing_event, referencedTableName=event		\N	3.8.9	\N	\N	1933495416
01_23_addForeignKeyConstraint_doing_event_repository_event	pgleska	schema/01_schema.xml	2022-08-31 08:11:37.867854	23	MARK_RAN	8:0502a1912d5d409959ba4d5994cd4e87	addForeignKeyConstraint baseTableName=repository_event, constraintName=doing_event, referencedTableName=event		\N	3.8.9	\N	\N	1933495416
01_24_addForeignKeyConstraint_doing_event_repository_maintainer_event	pgleska	schema/01_schema.xml	2022-08-31 08:11:38.035141	24	MARK_RAN	8:70eb10c4acb45085d321c05288243ad1	addForeignKeyConstraint baseTableName=repository_maintainer_event, constraintName=doing_event, referencedTableName=event		\N	3.8.9	\N	\N	1933495416
01_25_addForeignKeyConstraint_doing_event_submission_event	pgleska	schema/01_schema.xml	2022-08-31 08:11:38.213177	25	MARK_RAN	8:24ceaa47e29972e5f6be8fd867202fe9	addForeignKeyConstraint baseTableName=submission_event, constraintName=doing_event, referencedTableName=event		\N	3.8.9	\N	\N	1933495416
01_26_addForeignKeyConstraint_doing_event_user_event	pgleska	schema/01_schema.xml	2022-08-31 08:11:38.383993	26	MARK_RAN	8:d41dd454311eb7dcd3a98e4501c69b85	addForeignKeyConstraint baseTableName=user_event, constraintName=doing_event, referencedTableName=event		\N	3.8.9	\N	\N	1933495416
01_27_addForeignKeyConstraint_for_package_submission	pgleska	schema/01_schema.xml	2022-08-31 08:11:38.572154	27	EXECUTED	8:ffaff3005a5c547f8055467babaa211d	addForeignKeyConstraint baseTableName=submission, constraintName=for_package, referencedTableName=package		\N	3.8.9	\N	\N	1933495416
01_28_addForeignKeyConstraint_for_repository_package	pgleska	schema/01_schema.xml	2022-08-31 08:11:38.766736	28	EXECUTED	8:d98078fe59c814c95abad9aef4082f9f	addForeignKeyConstraint baseTableName=package, constraintName=for_repository, referencedTableName=repository		\N	3.8.9	\N	\N	1933495416
01_29_addForeignKeyConstraint_from_user_submission	pgleska	schema/01_schema.xml	2022-08-31 08:11:38.964289	29	EXECUTED	8:cee2523f0bd78f03af2fc06f55d7a7be	addForeignKeyConstraint baseTableName=submission, constraintName=from_user, referencedTableName=user		\N	3.8.9	\N	\N	1933495416
01_30_addForeignKeyConstraint_has_role_user	pgleska	schema/01_schema.xml	2022-08-31 08:11:39.167143	30	EXECUTED	8:2ab055344e3c527dcbcbabfda8752f82	addForeignKeyConstraint baseTableName=user, constraintName=has_role, referencedTableName=role		\N	3.8.9	\N	\N	1933495416
01_31_addForeignKeyConstraint_is_maintainer_of_package	pgleska	schema/01_schema.xml	2022-08-31 08:11:39.397774	31	EXECUTED	8:d45b0cd8feaafc0a6ad88bd49c41b024	addForeignKeyConstraint baseTableName=package, constraintName=is_maintainer_of, referencedTableName=user		\N	3.8.9	\N	\N	1933495416
01_32_addForeignKeyConstraint_is_package_maintainer_package_maintainer	pgleska	schema/01_schema.xml	2022-08-31 08:11:39.633059	32	EXECUTED	8:dfaf8b65e90bfc6f504ef484073a95ac	addForeignKeyConstraint baseTableName=package_maintainer, constraintName=is_package_maintainer, referencedTableName=user		\N	3.8.9	\N	\N	1933495416
01_33_addForeignKeyConstraint_is_package_maintainer_of_package_maintainer	pgleska	schema/01_schema.xml	2022-08-31 08:11:39.858922	33	EXECUTED	8:e6953184015cf77936c191a282a87c91	addForeignKeyConstraint baseTableName=package_maintainer, constraintName=is_package_maintainer_of, referencedTableName=repository		\N	3.8.9	\N	\N	1933495416
01_34_addForeignKeyConstraint_is_repository_maintainer_repository_maintainer	pgleska	schema/01_schema.xml	2022-08-31 08:11:40.102022	34	EXECUTED	8:23fd85348bf3bb478ff0ff8655a0222e	addForeignKeyConstraint baseTableName=repository_maintainer, constraintName=is_repository_maintainer, referencedTableName=user		\N	3.8.9	\N	\N	1933495416
01_35_addForeignKeyConstraint_of_package_package_event	pgleska	schema/01_schema.xml	2022-08-31 08:11:40.339402	35	EXECUTED	8:ed9781216c06d63728ceff0ba1af827e	addForeignKeyConstraint baseTableName=package_event, constraintName=of_package, referencedTableName=package		\N	3.8.9	\N	\N	1933495416
01_36_addForeignKeyConstraint_of_package_maintainer_package_maintainer_event	pgleska	schema/01_schema.xml	2022-08-31 08:11:40.585763	36	EXECUTED	8:4799fcec26a8ffe3609659982769497c	addForeignKeyConstraint baseTableName=package_maintainer_event, constraintName=of_package_maintainer, referencedTableName=package_maintainer		\N	3.8.9	\N	\N	1933495416
01_37_addForeignKeyConstraint_of_repository_repository_maintainer	pgleska	schema/01_schema.xml	2022-08-31 08:11:40.849516	37	EXECUTED	8:0003606cca7224bd34a80a4f10322a44	addForeignKeyConstraint baseTableName=repository_maintainer, constraintName=of_repository, referencedTableName=repository		\N	3.8.9	\N	\N	1933495416
01_38_addForeignKeyConstraint_of_repository_repository_event	pgleska	schema/01_schema.xml	2022-08-31 08:11:41.110748	38	MARK_RAN	8:8b3d2e84171c73e3e5e6aeb5c2c6c3bc	addForeignKeyConstraint baseTableName=repository_event, constraintName=of_repository, referencedTableName=repository		\N	3.8.9	\N	\N	1933495416
01_39_addForeignKeyConstraint_of_repository_maintainer_repository_maintainer_event	pgleska	schema/01_schema.xml	2022-08-31 08:11:41.404154	39	EXECUTED	8:46ca077cee59e7459b850c94e5e599bc	addForeignKeyConstraint baseTableName=repository_maintainer_event, constraintName=of_repository_maintainer, referencedTableName=repository_maintainer		\N	3.8.9	\N	\N	1933495416
01_40_addForeignKeyConstraint_of_submission_submission_event	pgleska	schema/01_schema.xml	2022-08-31 08:11:41.702654	40	EXECUTED	8:39eb87b4ff2a095386245f1f56456f81	addForeignKeyConstraint baseTableName=submission_event, constraintName=of_submission, referencedTableName=submission		\N	3.8.9	\N	\N	1933495416
01_41_addForeignKeyConstraint_of_user_user_event	pgleska	schema/01_schema.xml	2022-08-31 08:11:41.997749	41	EXECUTED	8:52ccb72ea60143526feebf84949b7268	addForeignKeyConstraint baseTableName=user_event, constraintName=of_user, referencedTableName=user		\N	3.8.9	\N	\N	1933495416
02_01_api_token_table	pgleska	schema/02_api_token.xml	2022-08-31 08:11:42.026585	42	EXECUTED	8:3e4f75d68dad101c30ac51a703b4382e	createTable tableName=api_token		\N	3.8.9	\N	\N	1933495416
03_01_update_package	pgleska	schema/03_modules.xml	2022-08-31 08:11:42.045983	43	EXECUTED	8:da4d1f98246cdc059465c209bbe952ff	addColumn tableName=package; update tableName=package; addNotNullConstraint columnName=dtype, tableName=package		\N	3.8.9	\N	\N	1933495416
03_02_rpackage	pgleska	schema/03_modules.xml	2022-08-31 08:11:42.071057	44	EXECUTED	8:fee150ffc2f04504cf9fa2cc98a0ab8a	createTable tableName=rpackage; sql		\N	3.8.9	\N	\N	1933495416
03_04_clear_package_columns	pgleska	schema/03_modules.xml	2022-08-31 08:11:42.083406	45	EXECUTED	8:151ace80b361882276018ed58e8a5216	dropColumn tableName=package; dropColumn tableName=package; dropColumn tableName=package; dropColumn tableName=package; dropColumn tableName=package; dropColumn tableName=package		\N	3.8.9	\N	\N	1933495416
03_05_update_repository	pgleska	schema/03_modules.xml	2022-08-31 08:11:42.104719	46	EXECUTED	8:ff123d6801824f4f9c1a3f5179e37ee3	addColumn tableName=repository; update tableName=repository; addNotNullConstraint columnName=dtype, tableName=repository		\N	3.8.9	\N	\N	1933495416
03_06_rrepository_table	pgleska	schema/03_modules.xml	2022-08-31 08:11:42.123216	47	EXECUTED	8:109f80b6b6a43c5dfb4ea475ab25c764	createTable tableName=rrepository; sql		\N	3.8.9	\N	\N	1933495416
03_08_newsfeed_event_table	pgleska	schema/03_modules.xml	2022-08-31 08:11:42.145405	48	EXECUTED	8:975f384148ef06d973bbfe6f3c76a3b3	createTable tableName=newsfeed_event		\N	3.8.9	\N	\N	1933495416
03_09_changed_variable_table	pgleska	schema/03_modules.xml	2022-08-31 08:11:42.16711	49	EXECUTED	8:9b6760f60ecddf3087e3eb1e8a438891	createTable tableName=changed_variable		\N	3.8.9	\N	\N	1933495416
03_10_addForeignKeyConstraint_author_newsfeed_event	pgleska	schema/03_modules.xml	2022-08-31 08:11:42.51007	50	EXECUTED	8:befc13aaa3fae70c7059b81745e0133b	addForeignKeyConstraint baseTableName=newsfeed_event, constraintName=author, referencedTableName=user		\N	3.8.9	\N	\N	1933495416
03_11_addForeignKeyConstraint_related_packagemaintainer_newsfeed_event	pgleska	schema/03_modules.xml	2022-08-31 08:11:42.867057	51	EXECUTED	8:19c1310403b6600d5bbd65775f024c8e	addForeignKeyConstraint baseTableName=newsfeed_event, constraintName=related_packagemaintainer, referencedTableName=package_maintainer		\N	3.8.9	\N	\N	1933495416
03_12_addForeignKeyConstraint_related_repositorymaintainer_newsfeed_event	pgleska	schema/03_modules.xml	2022-08-31 08:11:43.245601	52	EXECUTED	8:940cb68344d12bf83bb1225ad5e3ce85	addForeignKeyConstraint baseTableName=newsfeed_event, constraintName=related_repositorymaintainer, referencedTableName=repository_maintainer		\N	3.8.9	\N	\N	1933495416
03_13_addForeignKeyConstraint_related_user_newsfeed_event	pgleska	schema/03_modules.xml	2022-08-31 08:11:43.625423	53	EXECUTED	8:55b2400bf67d4b9eeb10fb2eef7516cc	addForeignKeyConstraint baseTableName=newsfeed_event, constraintName=related_user, referencedTableName=user		\N	3.8.9	\N	\N	1933495416
03_14_addForeignKeyConstraint_related_submission_newsfeed_event	pgleska	schema/03_modules.xml	2022-08-31 08:11:44.040864	54	EXECUTED	8:2a4e60f686e9d563674c3b0a082bdaf9	addForeignKeyConstraint baseTableName=newsfeed_event, constraintName=related_submission, referencedTableName=submission		\N	3.8.9	\N	\N	1933495416
03_15_addForeignKeyConstraint_related_repository_newsfeed_event	pgleska	schema/03_modules.xml	2022-08-31 08:11:44.469744	55	EXECUTED	8:981e536440a0fcc0fb25ec2a849f1cbb	addForeignKeyConstraint baseTableName=newsfeed_event, constraintName=related_repository, referencedTableName=repository		\N	3.8.9	\N	\N	1933495416
03_16_addForeignKeyConstraint_related_package_newsfeed_event	pgleska	schema/03_modules.xml	2022-08-31 08:11:44.911354	56	EXECUTED	8:9743efff07cf264762796eca26207089	addForeignKeyConstraint baseTableName=newsfeed_event, constraintName=related_package, referencedTableName=package		\N	3.8.9	\N	\N	1933495416
03_17_addForeignKeyConstraint_newsfeed_event_changed_variable	pgleska	schema/03_modules.xml	2022-08-31 08:11:45.365296	57	EXECUTED	8:1a10ca5fa1792d813f0feea8ef765071	addForeignKeyConstraint baseTableName=changed_variable, constraintName=newsfeed_event, referencedTableName=newsfeed_event		\N	3.8.9	\N	\N	1933495416
03_18_update_submission	pgleska	schema/03_modules.xml	2022-08-31 08:11:45.372808	58	EXECUTED	8:cf1372a95e1494928f1edae644985697	addColumn tableName=submission; update tableName=submission		\N	3.8.9	\N	\N	1933495416
03_19_update_role	pgleska	schema/03_modules.xml	2022-08-31 08:11:45.381686	59	EXECUTED	8:0ba80bab48f346a7cdd2814e3c9176db	addColumn tableName=role; update tableName=role; addNotNullConstraint columnName=dtype, tableName=package		\N	3.8.9	\N	\N	1933495416
03_20_update_user	pgleska	schema/03_modules.xml	2022-08-31 08:11:45.391066	60	EXECUTED	8:fbfada91dd134acb758e176145c8936b	addColumn tableName=user; update tableName=user; addNotNullConstraint columnName=created_on, tableName=user		\N	3.8.9	\N	\N	1933495416
\.


--
-- Data for Name: databasechangeloglock; Type: TABLE DATA; Schema: public; Owner: postgres
--

COPY public.databasechangeloglock (id, locked, lockgranted, lockedby) FROM stdin;
1	f	\N	\N
\.


--
-- Data for Name: event; Type: TABLE DATA; Schema: public; Owner: postgres
--

COPY public.event (id, value) FROM stdin;
1	create
2	delete
3	update
\.


--
-- Data for Name: newsfeed_event; Type: TABLE DATA; Schema: public; Owner: postgres
--

COPY public.newsfeed_event (id, "time", date, newsfeed_event_type, author_id, related_packagemaintainer_id, related_repositorymaintainer_id, related_user_id, related_submission_id, related_repository_id, related_package_id, deleted) FROM stdin;
\.


--
-- Data for Name: package; Type: TABLE DATA; Schema: public; Owner: postgres
--

COPY public.package (id, name, version, description, author, maintainer_id, repository_id, url, source, title, active, deleted, dtype) FROM stdin;
8	accrued	1.2	Package for visualizing data quality of partially accruing time series.	Julie Eaton and Ian Painter	4	3	\N	/opt/rdepot/repositories/3/83118397/accrued_1.2.tar.gz	Visualization tools for partially accruing data	t	f	RPackage
4	accrued	1.3.5	Package for visualizing data quality of partially accruing data.	Julie Eaton and Ian Painter	4	3	\N	/opt/rdepot/repositories/3/99077116/accrued_1.3.5.tar.gz	Data Quality Visualization Tools for Partially Accruing Data	t	f	RPackage
10	A3	0.9.2	This package supplies tools for tabulating and analyzing the results of predictive models. The methods employed are applicable to virtually any predictive model and make comparisons between different methodologies straightforward.	Scott Fortmann-Roe	6	4	\N	/opt/rdepot/repositories/4/54491936/A3_0.9.2.tar.gz	A3: Accurate, Adaptable, and Accessible Error Metrics for Predictive Models	t	f	RPackage
5	accrued	1.3	Package for visualizing data quality of partially accruing data.	Julie Eaton and Ian Painter	4	3	\N	/opt/rdepot/repositories/3/82197810/accrued_1.3.tar.gz	Data Quality Visualization Tools for Partially Accruing Data	t	f	RPackage
9	A3	0.9.1	This package supplies tools for tabulating and analyzing the results of predictive models. The methods employed are applicable to virtually any predictive model and make comparisons between different methodologies straightforward.	Scott Fortmann-Roe	6	4	\N	/opt/rdepot/repositories/4/47098069/A3_0.9.1.tar.gz	A3: Accurate, Adaptable, and Accessible Error Metrics for Predictive Models	t	f	RPackage
19	visdat	0.1.0	Create preliminary exploratory data visualisations of an entire dataset to identify problems or unexpected features using 'ggplot2'.	Nicholas Tierney [aut, cre]	4	3	https://github.com/njtierney/visdat/	/opt/rdepot/new/70032548/visdat_0.1.0.tar.gz	Preliminary Data Visualisation	f	f	RPackage
7	accrued	1.4	Package for visualizing data quality of partially accruing data.	Julie Eaton and Ian Painter	4	3	\N	/opt/rdepot/repositories/3/28075835/accrued_1.4.tar.gz	Data Quality Visualization Tools for Partially Accruing Data	f	f	RPackage
14	npordtests	1.1	Performs nonparametric tests for equality of location against ordered alternatives.	Bulent Altunkaynak [aut, cre], Hamza Gamgam [aut]	5	2	\N	/opt/rdepot/repositories/2/8436419/npordtests_1.1.tar.gz	Nonparametric Tests for Equality of Location Against Ordered Alternatives	f	t	RPackage
17	A3	0.9.2	This package supplies tools for tabulating and analyzing the results of predictive models. The methods employed are applicable to virtually any predictive model and make comparisons between different methodologies straightforward.	Scott Fortmann-Roe	5	2	\N	/opt/rdepot/repositories/2/9907084/A3_0.9.2.tar.gz	A3: Accurate, Adaptable, and Accessible Error Metrics for Predictive Models	t	f	RPackage
13	accrued	1.0	Package for visualizing data quality of partially accruing time series.	Julie Eaton and Ian Painter	6	2	\N	/opt/rdepot/repositories/2/40553654/accrued_1.0.tar.gz	Visualization tools for partially accruing data	f	f	RPackage
11	abc	1.3	The package implements several ABC algorithms for performing parameter estimation and model selection. Cross-validation tools are also available for measuring the accuracy of ABC estimates, and to calculate the misclassification probabilities of different models.	Katalin Csillery, Michael Blum and Olivier Francois	6	4	\N	/opt/rdepot/repositories/4/95296712/abc_1.3.tar.gz	Tools for Approximate Bayesian Computation (ABC)	f	f	RPackage
12	abc	1.0	The 'abc' package provides various functions for parameter estimation and model selection in an ABC framework. Three main	Katalin Csillery, with contributions from Michael Blum and Olivier Francois	6	4	\N	/opt/rdepot/repositories/4/49426769/abc_1.0.tar.gz	Functions to perform Approximate Bayesian Computation (ABC) using simulated data	t	f	RPackage
18	abc	1.3	The package implements several ABC algorithms for performing parameter estimation and model selection. Cross-validation tools are also available for measuring the accuracy of ABC estimates, and to calculate the misclassification probabilities of different models.	Katalin Csillery, Michael Blum and Olivier Francois	5	2	\N	/opt/rdepot/repositories/2/88170013/abc_1.3.tar.gz	Tools for Approximate Bayesian Computation (ABC)	t	f	RPackage
20	AnaCoDa	0.1.2.3	Is a collection of models to analyze genome scale codon data using a Bayesian framework. Provides visualization routines and checkpointing for model fittings. Currently published models to analyze gene data for selection on codon	Cedric Landerer [aut, cre], Gabriel Hanas [ctb], Jeremy Rogers [ctb], Alex Cope [ctb], Denizhan Pak [ctb]	5	5	https://github.com/clandere/AnaCoDa	/opt/rdepot/repositories/5/39437028/AnaCoDa_0.1.2.3.tar.gz	Analysis of Codon Data under Stationarity using a Bayesian Framework	t	f	RPackage
6	accrued	1.1	Package for visualizing data quality of partially accruing time series.	Julie Eaton and Ian Painter	4	3	\N	/opt/rdepot/repositories/3/46950998/accrued_1.1.tar.gz	Visualization tools for partially accruing data	f	t	RPackage
22	AnaCoDa	0.1.2.3	Is a collection of models to analyze genome scale codon data using a Bayesian framework. Provides visualization routines and checkpointing for model fittings. Currently published models to analyze gene data for selection on codon	Cedric Landerer [aut, cre], Gabriel Hanas [ctb], Jeremy Rogers [ctb], Alex Cope [ctb], Denizhan Pak [ctb]	4	2	https://github.com/clandere/AnaCoDa		Analysis of Codon Data under Stationarity using a Bayesian Framework	f	f	RPackage
26	usl	2.0.0	The Universal Scalability Law (Gunther 2007)	Neil J. Gunther [aut], Stefan Moeding [aut, cre]	4	3	\N	/opt/rdepot/new/54345476/usl_2.0.0.tar.gz	Analyze System Scalability with the Universal Scalability Law	f	f	RPackage
25	usl	2.0.0	The Universal Scalability Law (Gunther 2007)	Neil J. Gunther [aut], Stefan Moeding [aut, cre]	5	2	\N	/opt/rdepot/repositories/2/33930690/usl_2.0.0.tar.gz	Analyze System Scalability with the Universal Scalability Law	t	f	RPackage
16	A3	0.9.1	This package supplies tools for tabulating and analyzing the results of predictive models. The methods employed are applicable to virtually any predictive model and make comparisons between different methodologies straightforward.	Scott Fortmann-Roe	4	2	\N		A3: Accurate, Adaptable, and Accessible Error Metrics for Predictive Models	f	f	RPackage
21	Benchmarking	0.10	Estimates and graphs deterministic (DEA) frontier models with different technology assumptions (fdh, vrs, drs, crs, irs, add). Also handles possible slacks, peers and their weights (lambdas), optimal cost, revenue and profit allocation, super--efficiency, and mergers. A comparative method for estimating SFA efficiencies is included.	Peter Bogetoft and Lars Otto	5	2	\N	/opt/rdepot/repositories/2/71228208/Benchmarking_0.10.tar.gz	Benchmark and frontier analysis using DEA and SFA	t	f	RPackage
23	visdat	0.1.0	Create preliminary exploratory data visualisations of an entire dataset to identify problems or unexpected features using 'ggplot2'.	Nicholas Tierney [aut, cre]	4	2	https://github.com/njtierney/visdat/		Preliminary Data Visualisation	f	f	RPackage
24	Benchmarking	0.10	Estimates and graphs deterministic (DEA) frontier models with different technology assumptions (fdh, vrs, drs, crs, irs, add). Also handles possible slacks, peers and their weights (lambdas), optimal cost, revenue and profit allocation, super--efficiency, and mergers. A comparative method for estimating SFA efficiencies is included.	Peter Bogetoft and Lars Otto	4	5	\N		Benchmark and frontier analysis using DEA and SFA	f	f	RPackage
30	A3	0.9.1	This package supplies tools for tabulating and analyzing the results of predictive models. The methods employed are applicable to virtually any predictive model and make comparisons between different methodologies straightforward.	Scott Fortmann-Roe	8	5	\N	/opt/rdepot/new/92253304/A3_0.9.1.tar.gz	A3: Accurate, Adaptable, and Accessible Error Metrics for Predictive Models	f	f	RPackage
31	abc	1.0	The 'abc' package provides various functions for parameter estimation and model selection in an ABC framework. Three main	Katalin Csillery, with contributions from Michael Blum and Olivier Francois	8	5	\N	/opt/rdepot/new/51328701/abc_1.0.tar.gz	Functions to perform Approximate Bayesian Computation (ABC) using simulated data	f	f	RPackage
28	visdat	0.1.0	Create preliminary exploratory data visualisations of an entire dataset to identify problems or unexpected features using 'ggplot2'.	Nicholas Tierney [aut, cre]	8	6	https://github.com/njtierney/visdat/	/opt/rdepot/repositories/6/70325377/visdat_0.1.0.tar.gz	Preliminary Data Visualisation	f	t	RPackage
27	usl	2.0.0	The Universal Scalability Law (Gunther 2007)	Neil J. Gunther [aut], Stefan Moeding [aut, cre]	8	6	\N	/opt/rdepot/repositories/6/21695389/usl_2.0.0.tar.gz	Analyze System Scalability with the Universal Scalability Law	f	t	RPackage
29	A3	0.9.1	This package supplies tools for tabulating and analyzing the results of predictive models. The methods employed are applicable to virtually any predictive model and make comparisons between different methodologies straightforward.	Scott Fortmann-Roe	8	7	\N	/opt/rdepot/repositories/7/67484296/A3_0.9.1.tar.gz	A3: Accurate, Adaptable, and Accessible Error Metrics for Predictive Models	f	t	RPackage
15	bea.R	1.0.5	Provides an R interface for the Bureau of Economic Analysis (BEA)	Andrea Batch [aut, cre], Jeff Chen [ctb], Walt Kampas [ctb]	5	2	https://github.com/us-bea/beaR	/opt/rdepot/repositories/2/89565416/bea.R_1.0.5.tar.gz	Bureau of Economic Analysis API	t	f	RPackage
\.


--
-- Data for Name: package_event; Type: TABLE DATA; Schema: public; Owner: postgres
--

COPY public.package_event (id, date, package_id, event_id, changed_variable, value_before, value_after, changed_by, "time") FROM stdin;
4	2020-03-28	4	1	created			4	20:03:40.652+00
5	2020-03-28	6	1	created			4	20:03:40.648+00
6	2020-03-28	5	1	created			4	20:03:40.647+00
7	2020-03-28	8	1	created			4	20:03:40.659+00
8	2020-03-28	7	1	created			4	20:03:40.657+00
9	2020-03-28	6	3	source	/opt/rdepot/new/28009317/accrued_1.1.tar.gz	/opt/rdepot/repositories/3/46950998/accrued_1.1.tar.gz	4	20:03:44.778+00
10	2020-03-28	4	3	source	/opt/rdepot/new/43623400/accrued_1.3.5.tar.gz	/opt/rdepot/repositories/3/99077116/accrued_1.3.5.tar.gz	4	20:03:44.777+00
11	2020-03-28	8	3	source	/opt/rdepot/new/47097172/accrued_1.2.tar.gz	/opt/rdepot/repositories/3/83118397/accrued_1.2.tar.gz	4	20:03:44.782+00
12	2020-03-28	4	3	active	false	true	4	20:03:44.858+00
13	2020-03-28	6	3	active	false	true	4	20:03:44.856+00
14	2020-03-28	8	3	active	false	true	4	20:03:44.861+00
15	2020-03-28	5	3	source	/opt/rdepot/new/88466387/accrued_1.3.tar.gz	/opt/rdepot/repositories/3/82197810/accrued_1.3.tar.gz	4	20:03:45.211+00
16	2020-03-28	7	3	source	/opt/rdepot/new/47523656/accrued_1.4.tar.gz	/opt/rdepot/repositories/3/28075835/accrued_1.4.tar.gz	4	20:03:45.24+00
17	2020-03-28	5	3	active	false	true	4	20:03:45.255+00
18	2020-03-28	7	3	active	false	true	4	20:03:45.28+00
19	2020-03-28	9	1	created			4	20:03:55.815+00
20	2020-03-28	10	1	created			4	20:03:55.917+00
21	2020-03-28	11	1	created			4	20:03:56.245+00
22	2020-03-28	12	1	created			4	20:03:56.284+00
23	2020-03-28	10	3	source	/opt/rdepot/new/77598514/A3_0.9.2.tar.gz	/opt/rdepot/repositories/4/54491936/A3_0.9.2.tar.gz	4	20:03:58.941+00
24	2020-03-28	9	3	source	/opt/rdepot/new/6984008/A3_0.9.1.tar.gz	/opt/rdepot/repositories/4/47098069/A3_0.9.1.tar.gz	4	20:03:58.958+00
25	2020-03-28	10	3	active	false	true	4	20:03:59.003+00
26	2020-03-28	9	3	active	false	true	4	20:03:59.04+00
27	2020-03-28	11	3	source	/opt/rdepot/new/98224569/abc_1.3.tar.gz	/opt/rdepot/repositories/4/95296712/abc_1.3.tar.gz	4	20:03:59.621+00
28	2020-03-28	11	3	active	false	true	4	20:03:59.667+00
29	2020-03-28	12	3	source	/opt/rdepot/new/18685235/abc_1.0.tar.gz	/opt/rdepot/repositories/4/49426769/abc_1.0.tar.gz	4	20:03:59.807+00
30	2020-03-28	12	3	active	false	true	4	20:03:59.833+00
31	2020-03-28	13	1	created			4	20:04:14.336+00
32	2020-03-28	14	1	created			4	20:04:14.401+00
33	2020-03-28	15	1	created			4	20:04:14.418+00
34	2020-03-28	15	3	source	/opt/rdepot/new/68910623/bea.R_1.0.5.tar.gz	/opt/rdepot/repositories/2/89565416/bea.R_1.0.5.tar.gz	4	20:04:17.13+00
35	2020-03-28	15	3	active	false	true	4	20:04:17.191+00
36	2020-03-28	13	3	source	/opt/rdepot/new/13236487/accrued_1.0.tar.gz	/opt/rdepot/repositories/2/40553654/accrued_1.0.tar.gz	4	20:04:17.518+00
37	2020-03-28	13	3	active	false	true	4	20:04:17.533+00
38	2020-03-28	14	3	source	/opt/rdepot/new/16258274/npordtests_1.1.tar.gz	/opt/rdepot/repositories/2/8436419/npordtests_1.1.tar.gz	4	20:04:17.62+00
39	2020-03-28	14	3	active	false	true	4	20:04:17.642+00
40	2020-03-28	13	3	maintainer	5	4	4	20:04:24.947+00
41	2020-03-28	15	3	maintainer	5	4	4	20:04:24.962+00
42	2020-03-28	14	3	maintainer	5	4	4	20:04:24.974+00
43	2020-03-28	11	3	maintainer	5	4	4	20:04:31.785+00
44	2020-03-28	10	3	maintainer	5	4	4	20:04:31.795+00
45	2020-03-28	12	3	maintainer	5	4	4	20:04:31.804+00
46	2020-03-28	9	3	maintainer	5	4	4	20:04:31.812+00
47	2020-03-28	10	3	maintainer	4	5	4	20:04:41.444+00
48	2020-03-28	11	3	maintainer	4	5	4	20:04:41.458+00
49	2020-03-28	9	3	maintainer	4	5	4	20:04:41.475+00
50	2020-03-28	12	3	maintainer	4	5	4	20:04:41.491+00
51	2020-03-28	11	3	active	true	false	4	20:04:47.46+00
52	2020-03-28	7	3	active	true	false	4	20:04:51.62+00
53	2020-03-28	6	3	active	true	false	4	20:04:54.588+00
54	2020-03-28	13	3	active	true	false	4	20:04:56.593+00
55	2020-03-28	13	3	maintainer	6	5	4	20:05:25.637+00
56	2020-03-28	12	3	maintainer	6	4	4	20:05:29.974+00
57	2020-03-28	11	3	maintainer	6	4	4	20:05:29.982+00
58	2020-03-28	10	3	maintainer	6	4	4	20:05:35.464+00
59	2020-03-28	9	3	maintainer	6	4	4	20:05:35.472+00
60	2020-03-28	16	1	created			7	20:05:55.782+00
61	2020-03-28	17	1	created			7	20:05:55.961+00
62	2020-03-28	18	1	created			7	20:05:56.091+00
63	2020-03-28	19	1	created			7	20:06:11.429+00
64	2020-03-28	20	1	created			7	20:06:21.099+00
65	2020-03-28	21	1	created			6	20:06:46.315+00
66	2020-03-28	22	1	created			6	20:06:46.487+00
67	2020-03-28	23	1	created			6	20:06:46.487+00
68	2020-03-28	24	1	created			6	20:07:11.207+00
69	2020-03-28	25	1	created			5	20:07:50.726+00
70	2020-03-28	26	1	created			5	20:07:50.774+00
71	2020-03-28	25	3	maintainer	5	4	5	20:07:52.823+00
72	2020-03-28	25	3	source	/opt/rdepot/new/37946660/usl_2.0.0.tar.gz	/opt/rdepot/repositories/2/33930690/usl_2.0.0.tar.gz	5	20:07:52.812+00
73	2020-03-28	25	3	active	false	true	5	20:07:52.845+00
74	2020-03-28	17	3	maintainer	5	4	5	20:08:12.215+00
75	2020-03-28	17	3	source	/opt/rdepot/new/30320032/A3_0.9.2.tar.gz	/opt/rdepot/repositories/2/9907084/A3_0.9.2.tar.gz	5	20:08:12.21+00
76	2020-03-28	17	3	active	false	true	5	20:08:12.231+00
77	2020-03-28	18	3	maintainer	5	4	5	20:08:18.25+00
78	2020-03-28	18	3	source	/opt/rdepot/new/26771812/abc_1.3.tar.gz	/opt/rdepot/repositories/2/88170013/abc_1.3.tar.gz	5	20:08:18.243+00
79	2020-03-28	18	3	active	false	true	5	20:08:18.273+00
80	2020-03-28	21	3	maintainer	5	4	5	20:08:23.538+00
81	2020-03-28	21	3	source	/opt/rdepot/new/19806985/Benchmarking_0.10.tar.gz	/opt/rdepot/repositories/2/71228208/Benchmarking_0.10.tar.gz	5	20:08:23.532+00
82	2020-03-28	21	3	active	false	true	5	20:08:23.552+00
83	2020-03-28	20	3	maintainer	5	4	5	20:08:41.763+00
84	2020-03-28	20	3	source	/opt/rdepot/new/9104202/AnaCoDa_0.1.2.3.tar.gz	/opt/rdepot/repositories/5/39437028/AnaCoDa_0.1.2.3.tar.gz	5	20:08:41.753+00
85	2020-03-28	20	3	active	false	true	5	20:08:41.776+00
86	2020-03-28	6	2	delete	false	true	4	20:09:48.101+00
87	2020-03-28	14	2	delete	false	true	5	20:10:08.508+00
88	2020-03-28	27	1	created			4	20:12:42.433+00
89	2020-03-28	28	1	created			4	20:12:42.512+00
90	2020-03-28	27	3	source	/opt/rdepot/new/73393322/usl_2.0.0.tar.gz	/opt/rdepot/repositories/6/21695389/usl_2.0.0.tar.gz	4	20:12:44.529+00
91	2020-03-28	27	3	active	false	true	4	20:12:44.539+00
92	2020-03-28	28	3	source	/opt/rdepot/new/28573212/visdat_0.1.0.tar.gz	/opt/rdepot/repositories/6/70325377/visdat_0.1.0.tar.gz	4	20:12:44.643+00
93	2020-03-28	28	3	active	false	true	4	20:12:44.653+00
94	2020-03-28	28	2	delete	false	true	4	20:13:30.626+00
95	2020-03-28	27	2	delete	false	true	4	20:13:30.732+00
96	2020-03-28	29	1	created			4	20:14:04.855+00
97	2020-03-28	29	3	source	/opt/rdepot/new/33345471/A3_0.9.1.tar.gz	/opt/rdepot/repositories/7/67484296/A3_0.9.1.tar.gz	4	20:14:06.597+00
98	2020-03-28	29	3	active	false	true	4	20:14:06.609+00
99	2020-03-28	29	2	delete	false	true	4	20:14:17.882+00
100	2020-03-28	30	1	created			6	20:14:42.968+00
101	2020-03-28	31	1	created			6	20:14:43.1+00
102	2020-03-29	15	3	maintainer	6	5	4	10:43:05.243+00
103	2020-03-29	15	3	maintainer	5	6	4	10:43:10.081+00
\.


--
-- Data for Name: package_maintainer; Type: TABLE DATA; Schema: public; Owner: postgres
--

COPY public.package_maintainer (id, user_id, package, repository_id, deleted) FROM stdin;
1	6	accrued	2	f
2	6	abc	4	f
3	6	A3	4	f
4	6	bea.R	2	t
\.


--
-- Data for Name: package_maintainer_event; Type: TABLE DATA; Schema: public; Owner: postgres
--

COPY public.package_maintainer_event (id, date, package_maintainer_id, event_id, changed_variable, value_before, value_after, changed_by, "time") FROM stdin;
1	2020-03-28	1	1	created			4	20:05:25.656+00
2	2020-03-28	2	1	created			4	20:05:29.987+00
3	2020-03-28	3	1	created			4	20:05:35.477+00
4	2020-03-29	4	1	created			4	10:43:05.991+00
5	2020-03-29	4	2	deleted			4	10:43:10.333+00
\.


--
-- Data for Name: repository; Type: TABLE DATA; Schema: public; Owner: postgres
--

COPY public.repository (id, version, publication_uri, name, server_address, published, deleted, dtype) FROM stdin;
5	6	http://localhost/repo/testrepo4	testrepo4	http://oa-rdepot-repo:8080/testrepo4	f	f	RRepository
4	18	http://localhost/repo/testrepo3	testrepo3	http://oa-rdepot-repo:8080/testrepo3	f	f	RRepository
3	8	http://localhost/repo/testrepo2	testrepo2	http://oa-rdepot-repo:8080/testrepo2	t	f	RRepository
6	9	http://localhost/repo/testrepo5	testrepo5	http://oa-rdepot-repo:8080/testrepo5	f	t	RRepository
7	6	http://localhost/repo/testrepo6	testrepo6	http://oa-rdepot-repo:8080/testrepo6	f	t	RRepository
2	31	http://localhost/repo/testrepo1	testrepo1	http://oa-rdepot-repo:8080/testrepo1	t	f	RRepository
\.


--
-- Data for Name: repository_event; Type: TABLE DATA; Schema: public; Owner: postgres
--

COPY public.repository_event (id, date, repository_id, event_id, changed_variable, value_before, value_after, changed_by, "time") FROM stdin;
11	2020-03-28	2	3	publication URI	http://localhost/testrepo1	http://localhost/repo/testrepo1	4	20:01:11.498+00
12	2020-03-28	2	3	server address	http://localhost/testrepo1	http://oa-rdepot-repo:8080/testrepo1	4	20:01:13.018+00
13	2020-03-28	3	3	submitted		4	4	20:03:44.661+00
14	2020-03-28	3	3	submitted		5	4	20:03:44.678+00
15	2020-03-28	3	3	submitted		6	4	20:03:44.702+00
16	2020-03-28	3	3	version	0	1	4	20:03:44.837+00
17	2020-03-28	3	3	version	0	1	4	20:03:44.844+00
18	2020-03-28	3	3	version	0	1	4	20:03:44.846+00
19	2020-03-28	3	3	version	1	2	4	20:03:44.908+00
20	2020-03-28	3	3	version	1	2	4	20:03:44.907+00
21	2020-03-28	3	3	version	1	2	4	20:03:44.919+00
22	2020-03-28	3	3	version	2	3	4	20:03:44.924+00
23	2020-03-28	3	3	version	2	3	4	20:03:44.923+00
24	2020-03-28	3	3	added		8	4	20:03:44.932+00
25	2020-03-28	3	3	added		4	4	20:03:44.938+00
26	2020-03-28	3	3	version	2	3	4	20:03:44.941+00
27	2020-03-28	3	3	added		6	4	20:03:44.957+00
28	2020-03-28	3	3	submitted		7	4	20:03:45.185+00
29	2020-03-28	3	3	submitted		8	4	20:03:45.203+00
30	2020-03-28	3	3	version	0	1	4	20:03:45.249+00
31	2020-03-28	3	3	version	0	1	4	20:03:45.274+00
32	2020-03-28	3	3	version	1	2	4	20:03:45.28+00
33	2020-03-28	3	3	version	2	3	4	20:03:45.286+00
34	2020-03-28	3	3	added		5	4	20:03:45.291+00
35	2020-03-28	3	3	version	1	2	4	20:03:45.301+00
36	2020-03-28	3	3	version	2	3	4	20:03:45.306+00
37	2020-03-28	3	3	added		7	4	20:03:45.31+00
38	2020-03-28	4	3	submitted		9	4	20:03:58.911+00
39	2020-03-28	4	3	submitted		10	4	20:03:58.917+00
40	2020-03-28	4	3	version	0	1	4	20:03:58.994+00
41	2020-03-28	4	3	version	0	1	4	20:03:59.003+00
42	2020-03-28	4	3	version	1	2	4	20:03:59.03+00
43	2020-03-28	4	3	version	2	3	4	20:03:59.037+00
44	2020-03-28	4	3	added		10	4	20:03:59.043+00
45	2020-03-28	4	3	version	1	2	4	20:03:59.071+00
46	2020-03-28	4	3	version	2	3	4	20:03:59.083+00
47	2020-03-28	4	3	added		9	4	20:03:59.095+00
48	2020-03-28	4	3	submitted		11	4	20:03:59.597+00
49	2020-03-28	4	3	version	0	1	4	20:03:59.648+00
50	2020-03-28	4	3	version	1	2	4	20:03:59.692+00
51	2020-03-28	4	3	version	2	3	4	20:03:59.699+00
52	2020-03-28	4	3	added		11	4	20:03:59.704+00
53	2020-03-28	4	3	submitted		12	4	20:03:59.786+00
54	2020-03-28	4	3	version	0	1	4	20:03:59.828+00
55	2020-03-28	4	3	version	1	2	4	20:03:59.862+00
56	2020-03-28	4	3	version	2	3	4	20:03:59.868+00
57	2020-03-28	4	3	added		12	4	20:03:59.873+00
58	2020-03-28	2	3	submitted		13	4	20:04:17.1+00
59	2020-03-28	2	3	version	0	1	4	20:04:17.178+00
60	2020-03-28	2	3	version	1	2	4	20:04:17.23+00
61	2020-03-28	2	3	version	2	3	4	20:04:17.242+00
62	2020-03-28	2	3	added		15	4	20:04:17.251+00
63	2020-03-28	2	3	submitted		14	4	20:04:17.504+00
64	2020-03-28	2	3	version	0	1	4	20:04:17.53+00
65	2020-03-28	2	3	version	1	2	4	20:04:17.558+00
66	2020-03-28	2	3	version	2	3	4	20:04:17.562+00
67	2020-03-28	2	3	added		13	4	20:04:17.566+00
68	2020-03-28	2	3	submitted		15	4	20:04:17.605+00
69	2020-03-28	2	3	version	0	1	4	20:04:17.635+00
70	2020-03-28	2	3	version	1	2	4	20:04:17.66+00
71	2020-03-28	2	3	version	2	3	4	20:04:17.664+00
72	2020-03-28	2	3	added		14	4	20:04:17.668+00
73	2020-03-28	2	3	version	3	4	4	20:04:24.952+00
74	2020-03-28	2	3	version	4	5	4	20:04:24.966+00
75	2020-03-28	2	3	version	5	6	4	20:04:24.978+00
76	2020-03-28	4	3	version	3	4	4	20:04:31.788+00
77	2020-03-28	4	3	version	4	5	4	20:04:31.798+00
78	2020-03-28	4	3	version	5	6	4	20:04:31.806+00
79	2020-03-28	4	3	version	6	7	4	20:04:31.814+00
80	2020-03-28	4	3	version	7	8	4	20:04:41.448+00
81	2020-03-28	4	3	version	8	9	4	20:04:41.462+00
82	2020-03-28	4	3	version	9	10	4	20:04:41.479+00
83	2020-03-28	4	3	version	10	11	4	20:04:41.495+00
84	2020-03-28	4	3	version	11	12	4	20:04:47.472+00
85	2020-03-28	3	3	version	3	4	4	20:04:51.631+00
86	2020-03-28	3	3	version	4	5	4	20:04:54.599+00
87	2020-03-28	2	3	version	6	7	4	20:04:56.601+00
88	2020-03-28	2	3	version	7	8	4	20:05:25.64+00
89	2020-03-28	4	3	version	12	13	4	20:05:29.977+00
90	2020-03-28	4	3	version	13	14	4	20:05:29.984+00
91	2020-03-28	4	3	version	14	15	4	20:05:35.467+00
92	2020-03-28	4	3	version	15	16	4	20:05:35.474+00
93	2020-03-28	2	3	submitted		16	7	20:05:58.313+00
94	2020-03-28	2	3	submitted		17	7	20:05:58.441+00
95	2020-03-28	2	3	submitted		18	7	20:05:58.693+00
96	2020-03-28	3	3	submitted		19	7	20:06:13.348+00
97	2020-03-28	5	3	submitted		20	7	20:06:23.307+00
98	2020-03-28	2	3	submitted		21	6	20:06:48.789+00
99	2020-03-28	2	3	submitted		22	6	20:06:49.159+00
100	2020-03-28	2	3	submitted		23	6	20:06:49.565+00
101	2020-03-28	5	3	submitted		24	6	20:07:13.155+00
102	2020-03-28	2	3	submitted		25	5	20:07:52.793+00
103	2020-03-28	2	3	version	8	9	5	20:07:52.829+00
104	2020-03-28	2	3	version	9	10	5	20:07:52.838+00
105	2020-03-28	3	3	submitted		26	5	20:07:52.854+00
106	2020-03-28	2	3	version	10	11	5	20:07:52.858+00
107	2020-03-28	2	3	version	11	12	5	20:07:52.863+00
108	2020-03-28	2	3	added		25	5	20:07:52.866+00
109	2020-03-28	2	3	version	12	13	5	20:08:12.221+00
110	2020-03-28	2	3	version	13	14	5	20:08:12.227+00
111	2020-03-28	2	3	version	14	15	5	20:08:12.246+00
112	2020-03-28	2	3	version	15	16	5	20:08:12.251+00
113	2020-03-28	2	3	added		17	5	20:08:12.254+00
114	2020-03-28	2	3	version	16	17	5	20:08:18.255+00
115	2020-03-28	2	3	version	17	18	5	20:08:18.268+00
116	2020-03-28	2	3	version	18	19	5	20:08:18.286+00
117	2020-03-28	2	3	version	19	20	5	20:08:18.296+00
118	2020-03-28	2	3	added		18	5	20:08:18.299+00
119	2020-03-28	2	3	version	20	21	5	20:08:23.543+00
120	2020-03-28	2	3	version	21	22	5	20:08:23.549+00
121	2020-03-28	2	3	version	22	23	5	20:08:23.562+00
122	2020-03-28	2	3	version	23	24	5	20:08:23.565+00
123	2020-03-28	2	3	added		21	5	20:08:23.569+00
124	2020-03-28	5	3	version	0	1	5	20:08:41.767+00
125	2020-03-28	5	3	version	1	2	5	20:08:41.772+00
126	2020-03-28	5	3	version	2	3	5	20:08:41.783+00
127	2020-03-28	5	3	version	3	4	5	20:08:41.786+00
128	2020-03-28	5	3	added		20	5	20:08:41.789+00
129	2020-03-28	2	3	published			5	20:08:48.105+00
130	2020-03-28	2	3	version	24	25	5	20:08:48.109+00
131	2020-03-28	5	3	published			5	20:08:51.742+00
132	2020-03-28	5	3	version	4	5	5	20:08:51.745+00
133	2020-03-28	5	3	published	true	false	5	20:08:53.749+00
134	2020-03-28	5	3	version	5	6	5	20:08:53.753+00
135	2020-03-28	3	3	published			4	20:09:06.488+00
136	2020-03-28	3	3	version	5	6	4	20:09:06.491+00
137	2020-03-28	4	3	published			4	20:09:09.17+00
138	2020-03-28	4	3	version	16	17	4	20:09:09.173+00
139	2020-03-28	4	3	published	true	false	4	20:09:15.758+00
140	2020-03-28	4	3	version	17	18	4	20:09:15.761+00
141	2020-03-28	3	3	version	6	7	4	20:09:48.11+00
142	2020-03-28	3	3	published			4	20:09:48.125+00
143	2020-03-28	3	3	version	7	8	4	20:09:48.128+00
144	2020-03-28	2	3	version	25	26	5	20:10:08.519+00
145	2020-03-28	2	3	published			5	20:10:08.531+00
146	2020-03-28	2	3	version	26	27	5	20:10:08.533+00
147	2020-03-28	6	3	submitted		27	4	20:12:44.515+00
148	2020-03-28	6	3	version	0	1	4	20:12:44.536+00
149	2020-03-28	6	3	version	1	2	4	20:12:44.549+00
150	2020-03-28	6	3	version	2	3	4	20:12:44.551+00
151	2020-03-28	6	3	added		27	4	20:12:44.556+00
152	2020-03-28	6	3	submitted		28	4	20:12:44.625+00
153	2020-03-28	6	3	version	0	1	4	20:12:44.65+00
154	2020-03-28	6	3	version	1	2	4	20:12:44.666+00
155	2020-03-28	6	3	version	2	3	4	20:12:44.671+00
156	2020-03-28	6	3	added		28	4	20:12:44.677+00
157	2020-03-28	6	3	published			4	20:13:27.926+00
158	2020-03-28	6	3	version	3	4	4	20:13:27.934+00
159	2020-03-28	6	3	version	4	5	4	20:13:30.639+00
160	2020-03-28	6	3	published			4	20:13:30.652+00
161	2020-03-28	6	3	version	5	6	4	20:13:30.655+00
162	2020-03-28	6	3	version	6	7	4	20:13:30.743+00
163	2020-03-28	6	3	published			4	20:13:30.754+00
164	2020-03-28	6	3	version	7	8	4	20:13:30.756+00
165	2020-03-28	6	3	published	true	false	4	20:13:30.789+00
166	2020-03-28	6	3	version	8	9	4	20:13:30.791+00
167	2020-03-28	6	2	deleted			4	20:13:30.795+00
168	2020-03-28	7	3	submitted		29	4	20:14:06.588+00
169	2020-03-28	7	3	version	0	1	4	20:14:06.604+00
170	2020-03-28	7	3	version	1	2	4	20:14:06.616+00
171	2020-03-28	7	3	version	2	3	4	20:14:06.618+00
172	2020-03-28	7	3	added		29	4	20:14:06.622+00
173	2020-03-28	7	3	published			4	20:14:10.687+00
174	2020-03-28	7	3	version	3	4	4	20:14:10.689+00
175	2020-03-28	7	3	published	true	false	4	20:14:14.278+00
176	2020-03-28	7	3	version	4	5	4	20:14:14.281+00
177	2020-03-28	7	3	version	5	6	4	20:14:17.895+00
178	2020-03-28	7	2	deleted			4	20:14:19.412+00
179	2020-03-28	5	3	submitted		30	6	20:14:44.965+00
180	2020-03-28	5	3	submitted		31	6	20:14:45.738+00
181	2020-03-29	2	3	version	27	28	4	10:43:05.272+00
182	2020-03-29	2	3	published			4	10:43:05.321+00
183	2020-03-29	2	3	version	28	29	4	10:43:05.331+00
184	2020-03-29	2	3	version	29	30	4	10:43:10.091+00
185	2020-03-29	2	3	published			4	10:43:10.117+00
186	2020-03-29	2	3	version	30	31	4	10:43:10.123+00
\.


--
-- Data for Name: repository_maintainer; Type: TABLE DATA; Schema: public; Owner: postgres
--

COPY public.repository_maintainer (id, user_id, repository_id, deleted) FROM stdin;
1	5	2	f
3	5	5	f
2	5	4	t
\.


--
-- Data for Name: repository_maintainer_event; Type: TABLE DATA; Schema: public; Owner: postgres
--

COPY public.repository_maintainer_event (id, date, repository_maintainer_id, event_id, changed_variable, value_before, value_after, changed_by, "time") FROM stdin;
1	2020-03-28	1	1	created			4	20:04:24.995+00
2	2020-03-28	2	1	created			4	20:04:31.817+00
3	2020-03-28	3	1	created			4	20:04:36.897+00
4	2020-03-28	2	2	deleted		Sat Mar 28 20:04:41 UTC 2020	4	20:04:41.499+00
\.


--
-- Data for Name: role; Type: TABLE DATA; Schema: public; Owner: postgres
--

COPY public.role (id, value, name, description, deleted) FROM stdin;
1	0	user	User	f
2	1	packagemaintainer	Package Maintainer	f
3	2	repositorymaintainer	Repository Maintainer	f
4	3	admin	Administrator	f
\.


--
-- Data for Name: rpackage; Type: TABLE DATA; Schema: public; Owner: postgres
--

COPY public.rpackage (id, depends, imports, suggests, system_requirements, license, md5sum) FROM stdin;
8	R (>= 3.0), grid	\N	\N	\N	GPL-3	70d295115295a4718593f6a39d77add9
4	R (>= 2.14.1), grid	\N	\N	\N	GPL-3	19f8aec67250bd2ac481b14b50413d03
10	R (>= 2.15.0), xtable, pbapply	\N	randomForest, e1071	\N	GPL (>= 2)	76d726aee8dd7c6ed94d150d5718015b
5	R (>= 2.14.1), grid	\N	\N	\N	GPL-3	a05e4ca44438c0d9e7d713d7e3890423
9	xtable, pbapply	\N	randomForest, e1071	\N	GPL (>= 2)	8eb4760cd574f5489e61221dc9bb0076
19	R (>= 3.2.2)	ggplot2, tidyr, dplyr, purrr, magrittr, stats	plotly (>= 4.5.6), testthat, knitr, rmarkdown, vdiffr	\N	MIT + file LICENSE	f343fa3a01dcd9546fa0947877f58f36
7	R (>= 2.14.1), grid	\N	\N	\N	GPL-3	97c2930a9dd7ca9fc1409d5340c06470
14	R (>= 2.15.0)	\N	\N	\N	GPL (>= 2)	da8be1247d3145b757bd62e01fc6eb8b
17	R (>= 2.15.0), xtable, pbapply	\N	randomForest, e1071	\N	GPL (>= 2)	76d726aee8dd7c6ed94d150d5718015b
13	R (>= 3.0), grid	\N	\N	\N	GPL-3	1c75d59b18e554a285a9b156a06a288c
11	R (>= 2.10), nnet, quantreg, locfit	\N	\N	\N	GPL (>= 3)	c47d18b86b331a5023dcd62b74fedbb6
12	R (>= 1.8.0), nnet, quantreg, locfit, methods	\N	\N	\N	Unlimited	91599204c92275ed4b36d55e8d7c144b
18	R (>= 2.10), nnet, quantreg, locfit	\N	\N	\N	GPL (>= 3)	c47d18b86b331a5023dcd62b74fedbb6
20	R (>= 3.3.0), Rcpp (>= 0.11.3), methods		knitr, Hmisc, VGAM, coda, testthat, lmodel2	\N	GPL (>= 2)	41026e4157a0b3b6d909f0c6f72fa65c
6	R (>= 3.0), grid	\N	\N	\N	GPL-3	24b8cec280424dfc6a9e444fa57ba9f3
22	R (>= 3.3.0), Rcpp (>= 0.11.3), methods		knitr, Hmisc, VGAM, coda, testthat, lmodel2	\N	GPL (>= 2)	41026e4157a0b3b6d909f0c6f72fa65c
26	R (>= 3.0), methods	graphics, stats, nlsr	knitr	\N	BSD_2_clause + file LICENSE	868140a3c3c29327eef5d5a485aee5b6
25	R (>= 3.0), methods	graphics, stats, nlsr	knitr	\N	BSD_2_clause + file LICENSE	868140a3c3c29327eef5d5a485aee5b6
16	xtable, pbapply	\N	randomForest, e1071	\N	GPL (>= 2)	8eb4760cd574f5489e61221dc9bb0076
21	lpSolveAPI, ucminf	\N	\N	\N	GPL (>= 2)	9a99c2ebefa6d49422ca7893c1f4ead8
23	R (>= 3.2.2)	ggplot2, tidyr, dplyr, purrr, magrittr, stats	plotly (>= 4.5.6), testthat, knitr, rmarkdown, vdiffr	\N	MIT + file LICENSE	f343fa3a01dcd9546fa0947877f58f36
24	lpSolveAPI, ucminf	\N	\N	\N	GPL (>= 2)	9a99c2ebefa6d49422ca7893c1f4ead8
30	xtable, pbapply	\N	randomForest, e1071	\N	GPL (>= 2)	8eb4760cd574f5489e61221dc9bb0076
31	R (>= 1.8.0), nnet, quantreg, locfit, methods	\N	\N	\N	Unlimited	91599204c92275ed4b36d55e8d7c144b
28	R (>= 3.2.2)	ggplot2, tidyr, dplyr, purrr, magrittr, stats	plotly (>= 4.5.6), testthat, knitr, rmarkdown, vdiffr	\N	MIT + file LICENSE	f343fa3a01dcd9546fa0947877f58f36
27	R (>= 3.0), methods	graphics, stats, nlsr	knitr	\N	BSD_2_clause + file LICENSE	868140a3c3c29327eef5d5a485aee5b6
29	xtable, pbapply	\N	randomForest, e1071	\N	GPL (>= 2)	8eb4760cd574f5489e61221dc9bb0076
15	R (>= 3.2.1), data.table	httr, DT, shiny, jsonlite, googleVis, shinydashboard, ggplot2, stringr, chron, gtable, scales, htmltools, httpuv, xtable, stringi, magrittr, htmlwidgets, Rcpp, munsell, colorspace, plyr, yaml	\N	\N	CC0	5e664f320c7cc884138d64467f6b0e49
\.


--
-- Data for Name: rrepository; Type: TABLE DATA; Schema: public; Owner: postgres
--

COPY public.rrepository (id) FROM stdin;
5
4
3
6
7
2
\.


--
-- Data for Name: submission; Type: TABLE DATA; Schema: public; Owner: postgres
--

COPY public.submission (id, submitter_id, package_id, changes, state) FROM stdin;
5	4	4	\N	accepted
18	7	18	\N	accepted
16	7	16	\N	rejected
15	4	14	\N	accepted
6	4	8	\N	accepted
26	5	26	\N	waiting
12	4	12	\N	accepted
27	4	27	\N	accepted
23	6	22	\N	cancelled
24	6	24	\N	rejected
11	4	11	\N	accepted
8	4	7	\N	accepted
19	7	19	\N	waiting
25	5	25	\N	accepted
31	6	31	\N	waiting
29	4	29	\N	accepted
4	4	6	\N	accepted
30	6	30	\N	waiting
21	6	21	\N	accepted
14	4	13	\N	accepted
17	7	17	\N	accepted
28	4	28	\N	accepted
22	6	23	\N	rejected
20	7	20	\N	accepted
13	4	15	\N	accepted
10	4	10	\N	accepted
9	4	9	\N	accepted
7	4	5	\N	accepted
\.


--
-- Data for Name: submission_event; Type: TABLE DATA; Schema: public; Owner: postgres
--

COPY public.submission_event (id, date, submission_id, event_id, changed_variable, value_before, value_after, changed_by, "time") FROM stdin;
4	2020-03-28	4	1	created			4	20:03:44.651+00
5	2020-03-28	5	1	created			4	20:03:44.647+00
6	2020-03-28	6	1	created			4	20:03:44.686+00
7	2020-03-28	6	3	accepted	false	true	4	20:03:44.733+00
8	2020-03-28	5	3	accepted	false	true	4	20:03:44.717+00
9	2020-03-28	4	3	accepted	false	true	4	20:03:44.725+00
10	2020-03-28	7	1	created			4	20:03:45.18+00
11	2020-03-28	8	1	created			4	20:03:45.2+00
12	2020-03-28	7	3	accepted	false	true	4	20:03:45.192+00
13	2020-03-28	8	3	accepted	false	true	4	20:03:45.219+00
14	2020-03-28	9	1	created			4	20:03:58.906+00
15	2020-03-28	10	1	created			4	20:03:58.913+00
16	2020-03-28	10	3	accepted	false	true	4	20:03:58.928+00
17	2020-03-28	9	3	accepted	false	true	4	20:03:58.922+00
18	2020-03-28	11	1	created			4	20:03:59.593+00
19	2020-03-28	11	3	accepted	false	true	4	20:03:59.606+00
20	2020-03-28	12	1	created			4	20:03:59.783+00
21	2020-03-28	12	3	accepted	false	true	4	20:03:59.793+00
22	2020-03-28	13	1	created			4	20:04:17.091+00
23	2020-03-28	13	3	accepted	false	true	4	20:04:17.118+00
24	2020-03-28	14	1	created			4	20:04:17.502+00
25	2020-03-28	14	3	accepted	false	true	4	20:04:17.51+00
26	2020-03-28	15	1	created			4	20:04:17.604+00
27	2020-03-28	15	3	accepted	false	true	4	20:04:17.611+00
28	2020-03-28	16	1	created			7	20:05:58.312+00
29	2020-03-28	17	1	created			7	20:05:58.439+00
30	2020-03-28	18	1	created			7	20:05:58.691+00
31	2020-03-28	19	1	created			7	20:06:13.346+00
32	2020-03-28	20	1	created			7	20:06:23.306+00
33	2020-03-28	21	1	created			6	20:06:48.787+00
34	2020-03-28	22	1	created			6	20:06:49.157+00
35	2020-03-28	23	1	created			6	20:06:49.563+00
36	2020-03-28	23	2	deleted			6	20:07:00.372+00
37	2020-03-28	24	1	created			6	20:07:13.152+00
38	2020-03-28	25	1	created			5	20:07:52.791+00
39	2020-03-28	26	1	created			5	20:07:52.85+00
40	2020-03-28	25	3	accepted	false	true	5	20:07:52.799+00
41	2020-03-28	16	2	deleted			5	20:08:08.855+00
42	2020-03-28	17	3	accepted	false	true	5	20:08:12.2+00
43	2020-03-28	18	3	accepted	false	true	5	20:08:18.23+00
44	2020-03-28	21	3	accepted	false	true	5	20:08:23.526+00
45	2020-03-28	22	2	deleted			5	20:08:31.542+00
46	2020-03-28	20	3	accepted	false	true	5	20:08:41.718+00
47	2020-03-28	24	2	deleted			5	20:08:42.886+00
48	2020-03-28	4	2	deleted			4	20:09:48.106+00
49	2020-03-28	15	2	deleted			5	20:10:08.515+00
50	2020-03-28	27	1	created			4	20:12:44.514+00
51	2020-03-28	27	3	accepted	false	true	4	20:12:44.519+00
52	2020-03-28	28	1	created			4	20:12:44.624+00
53	2020-03-28	28	3	accepted	false	true	4	20:12:44.629+00
54	2020-03-28	28	2	deleted			4	20:13:30.635+00
55	2020-03-28	27	2	deleted			4	20:13:30.736+00
56	2020-03-28	29	1	created			4	20:14:06.587+00
57	2020-03-28	29	3	accepted	false	true	4	20:14:06.591+00
58	2020-03-28	29	2	deleted			4	20:14:17.891+00
59	2020-03-28	30	1	created			6	20:14:44.964+00
60	2020-03-28	31	1	created			6	20:14:45.737+00
\.


--
-- Data for Name: user; Type: TABLE DATA; Schema: public; Owner: postgres
--

COPY public."user" (id, role_id, name, email, login, active, last_logged_in_on, deleted, created_on) FROM stdin;
8	4	Local Admin User	admin@localhost	admin	f	\N	f	2022-08-31 11:15:46.594858
7	1	Isaac Newton	newton@ldap.forumsys.com	newton	t	2020-03-28	f	2022-08-31 11:15:46.594858
6	2	Galileo Galilei	galieleo@ldap.forumsys.com	galieleo	t	2020-03-28	f	2022-08-31 11:15:46.594858
5	3	Nikola Tesla	tesla@ldap.forumsys.com	tesla	t	2020-03-29	f	2022-08-31 11:15:46.594858
4	4	Albert Einstein	einstein@ldap.forumsys.com	einstein	t	2020-08-20	f	2022-08-31 11:15:46.594858
9	1	John Doe	doe@localhost	doe	f	2020-08-20	f	2022-08-31 11:15:46.594858
10	1	Alfred Tarski	tarski@localhost	tarski	t	2020-08-25	f	2022-08-31 11:15:46.594858
\.


--
-- Data for Name: user_event; Type: TABLE DATA; Schema: public; Owner: postgres
--

COPY public.user_event (id, date, user_id, event_id, changed_variable, value_before, value_after, changed_by, "time") FROM stdin;
1	2020-03-28	4	1	created			4	20:59:28.800514+01
2	2020-03-28	5	1	created			5	20:59:28.81074+01
3	2020-03-28	6	1	created			6	20:59:28.82206+01
4	2020-03-28	7	1	created			7	20:59:28.830132+01
5	2020-03-28	8	1	created			8	20:59:28.838152+01
9	2020-03-28	4	3	last logged in	null	Sat Mar 28 20:00:13 UTC 2020	4	20:00:14.007+00
10	2020-03-28	8	3	active	true	false	4	20:03:28.868+00
11	2020-03-28	7	3	last logged in	null	Sat Mar 28 20:05:47 UTC 2020	4	20:05:47.228+00
12	2020-03-28	6	3	last logged in	null	Sat Mar 28 20:06:31 UTC 2020	4	20:06:31.773+00
13	2020-03-28	5	3	last logged in	null	Sat Mar 28 20:07:31 UTC 2020	4	20:07:31.17+00
14	2020-03-28	4	3	last logged in	2020-03-28 00:00:00.0	Sat Mar 28 20:09:02 UTC 2020	4	20:09:02.061+00
15	2020-03-28	5	3	last logged in	2020-03-28 00:00:00.0	Sat Mar 28 20:09:56 UTC 2020	8	20:09:56.183+00
16	2020-03-28	4	3	last logged in	2020-03-28 00:00:00.0	Sat Mar 28 20:12:06 UTC 2020	8	20:12:06.32+00
17	2020-03-28	6	3	last logged in	2020-03-28 00:00:00.0	Sat Mar 28 20:14:30 UTC 2020	8	20:14:30.998+00
18	2020-03-29	5	3	last logged in	2020-03-28 00:00:00.0	Sun Mar 29 10:42:45 UTC 2020	8	10:42:45.4+00
19	2020-08-20	9	1	created			8	09:58:51.784+00
20	2020-08-20	9	3	last logged in	null	Thu Aug 20 09:58:52 GMT 2020	8	09:58:52.09+00
21	2020-08-20	4	3	last logged in	2020-03-28 00:00:00.0	Thu Aug 20 09:59:08 GMT 2020	8	09:59:08.9+00
22	2020-08-20	9	3	active	true	false	4	09:59:21.132+00
23	2020-08-25	10	1	created			8	12:35:38.689+00
24	2020-08-25	10	3	last logged in	null	Tue Aug 25 12:35:38 GMT 2020	8	12:35:38.788+00
\.


--
-- Name: api_token_id_seq; Type: SEQUENCE SET; Schema: public; Owner: postgres
--

SELECT pg_catalog.setval('public.api_token_id_seq', 5, true);


--
-- Name: changed_variable_id_seq; Type: SEQUENCE SET; Schema: public; Owner: postgres
--

SELECT pg_catalog.setval('public.changed_variable_id_seq', 1, false);


--
-- Name: event_id_seq; Type: SEQUENCE SET; Schema: public; Owner: postgres
--

SELECT pg_catalog.setval('public.event_id_seq', 3, true);


--
-- Name: newsfeed_event_id_seq; Type: SEQUENCE SET; Schema: public; Owner: postgres
--

SELECT pg_catalog.setval('public.newsfeed_event_id_seq', 1, false);


--
-- Name: package_event_id_seq; Type: SEQUENCE SET; Schema: public; Owner: postgres
--

SELECT pg_catalog.setval('public.package_event_id_seq', 103, true);


--
-- Name: package_id_seq; Type: SEQUENCE SET; Schema: public; Owner: postgres
--

SELECT pg_catalog.setval('public.package_id_seq', 31, true);


--
-- Name: package_maintainer_event_id_seq; Type: SEQUENCE SET; Schema: public; Owner: postgres
--

SELECT pg_catalog.setval('public.package_maintainer_event_id_seq', 5, true);


--
-- Name: package_maintainer_id_seq; Type: SEQUENCE SET; Schema: public; Owner: postgres
--

SELECT pg_catalog.setval('public.package_maintainer_id_seq', 4, true);


--
-- Name: repository_event_id_seq; Type: SEQUENCE SET; Schema: public; Owner: postgres
--

SELECT pg_catalog.setval('public.repository_event_id_seq', 186, true);


--
-- Name: repository_id_seq; Type: SEQUENCE SET; Schema: public; Owner: postgres
--

SELECT pg_catalog.setval('public.repository_id_seq', 7, true);


--
-- Name: repository_maintainer_event_id_seq; Type: SEQUENCE SET; Schema: public; Owner: postgres
--

SELECT pg_catalog.setval('public.repository_maintainer_event_id_seq', 4, true);


--
-- Name: repository_maintainer_id_seq; Type: SEQUENCE SET; Schema: public; Owner: postgres
--

SELECT pg_catalog.setval('public.repository_maintainer_id_seq', 3, true);


--
-- Name: role_id_seq; Type: SEQUENCE SET; Schema: public; Owner: postgres
--

SELECT pg_catalog.setval('public.role_id_seq', 4, true);


--
-- Name: submission_event_id_seq; Type: SEQUENCE SET; Schema: public; Owner: postgres
--

SELECT pg_catalog.setval('public.submission_event_id_seq', 60, true);


--
-- Name: submission_id_seq; Type: SEQUENCE SET; Schema: public; Owner: postgres
--

SELECT pg_catalog.setval('public.submission_id_seq', 31, true);


--
-- Name: user_event_id_seq; Type: SEQUENCE SET; Schema: public; Owner: postgres
--

SELECT pg_catalog.setval('public.user_event_id_seq', 24, true);


--
-- Name: user_id_seq; Type: SEQUENCE SET; Schema: public; Owner: postgres
--

SELECT pg_catalog.setval('public.user_id_seq', 10, true);


--
-- Name: api_token api_token_pkey; Type: CONSTRAINT; Schema: public; Owner: postgres
--

ALTER TABLE ONLY public.api_token
    ADD CONSTRAINT api_token_pkey PRIMARY KEY (id);


--
-- Name: api_token api_token_token_key; Type: CONSTRAINT; Schema: public; Owner: postgres
--

ALTER TABLE ONLY public.api_token
    ADD CONSTRAINT api_token_token_key UNIQUE (token);


--
-- Name: api_token api_token_user_login_key; Type: CONSTRAINT; Schema: public; Owner: postgres
--

ALTER TABLE ONLY public.api_token
    ADD CONSTRAINT api_token_user_login_key UNIQUE (user_login);


--
-- Name: changed_variable changed_variable_pkey; Type: CONSTRAINT; Schema: public; Owner: postgres
--

ALTER TABLE ONLY public.changed_variable
    ADD CONSTRAINT changed_variable_pkey PRIMARY KEY (id);


--
-- Name: databasechangeloglock databasechangeloglock_pkey; Type: CONSTRAINT; Schema: public; Owner: postgres
--

ALTER TABLE ONLY public.databasechangeloglock
    ADD CONSTRAINT databasechangeloglock_pkey PRIMARY KEY (id);


--
-- Name: event event_pkey; Type: CONSTRAINT; Schema: public; Owner: postgres
--

ALTER TABLE ONLY public.event
    ADD CONSTRAINT event_pkey PRIMARY KEY (id);


--
-- Name: event event_value_key; Type: CONSTRAINT; Schema: public; Owner: postgres
--

ALTER TABLE ONLY public.event
    ADD CONSTRAINT event_value_key UNIQUE (value);


--
-- Name: newsfeed_event newsfeed_event_pkey; Type: CONSTRAINT; Schema: public; Owner: postgres
--

ALTER TABLE ONLY public.newsfeed_event
    ADD CONSTRAINT newsfeed_event_pkey PRIMARY KEY (id);


--
-- Name: package_event package_event_pkey; Type: CONSTRAINT; Schema: public; Owner: postgres
--

ALTER TABLE ONLY public.package_event
    ADD CONSTRAINT package_event_pkey PRIMARY KEY (id);


--
-- Name: package_maintainer_event package_maintainer_event_pkey; Type: CONSTRAINT; Schema: public; Owner: postgres
--

ALTER TABLE ONLY public.package_maintainer_event
    ADD CONSTRAINT package_maintainer_event_pkey PRIMARY KEY (id);


--
-- Name: package_maintainer package_maintainer_pkey; Type: CONSTRAINT; Schema: public; Owner: postgres
--

ALTER TABLE ONLY public.package_maintainer
    ADD CONSTRAINT package_maintainer_pkey PRIMARY KEY (id);


--
-- Name: package package_pkey; Type: CONSTRAINT; Schema: public; Owner: postgres
--

ALTER TABLE ONLY public.package
    ADD CONSTRAINT package_pkey PRIMARY KEY (id);


--
-- Name: repository_event repository_event_pkey; Type: CONSTRAINT; Schema: public; Owner: postgres
--

ALTER TABLE ONLY public.repository_event
    ADD CONSTRAINT repository_event_pkey PRIMARY KEY (id);


--
-- Name: repository_maintainer_event repository_maintainer_event_pkey; Type: CONSTRAINT; Schema: public; Owner: postgres
--

ALTER TABLE ONLY public.repository_maintainer_event
    ADD CONSTRAINT repository_maintainer_event_pkey PRIMARY KEY (id);


--
-- Name: repository_maintainer repository_maintainer_pkey; Type: CONSTRAINT; Schema: public; Owner: postgres
--

ALTER TABLE ONLY public.repository_maintainer
    ADD CONSTRAINT repository_maintainer_pkey PRIMARY KEY (id);


--
-- Name: repository repository_name_key; Type: CONSTRAINT; Schema: public; Owner: postgres
--

ALTER TABLE ONLY public.repository
    ADD CONSTRAINT repository_name_key UNIQUE (name);


--
-- Name: repository repository_pkey; Type: CONSTRAINT; Schema: public; Owner: postgres
--

ALTER TABLE ONLY public.repository
    ADD CONSTRAINT repository_pkey PRIMARY KEY (id);


--
-- Name: repository repository_publication_uri_key; Type: CONSTRAINT; Schema: public; Owner: postgres
--

ALTER TABLE ONLY public.repository
    ADD CONSTRAINT repository_publication_uri_key UNIQUE (publication_uri);


--
-- Name: role role_description_key; Type: CONSTRAINT; Schema: public; Owner: postgres
--

ALTER TABLE ONLY public.role
    ADD CONSTRAINT role_description_key UNIQUE (description);


--
-- Name: role role_name_key; Type: CONSTRAINT; Schema: public; Owner: postgres
--

ALTER TABLE ONLY public.role
    ADD CONSTRAINT role_name_key UNIQUE (name);


--
-- Name: role role_pkey; Type: CONSTRAINT; Schema: public; Owner: postgres
--

ALTER TABLE ONLY public.role
    ADD CONSTRAINT role_pkey PRIMARY KEY (id);


--
-- Name: role role_value_key; Type: CONSTRAINT; Schema: public; Owner: postgres
--

ALTER TABLE ONLY public.role
    ADD CONSTRAINT role_value_key UNIQUE (value);


--
-- Name: rpackage rpackage_pkey; Type: CONSTRAINT; Schema: public; Owner: postgres
--

ALTER TABLE ONLY public.rpackage
    ADD CONSTRAINT rpackage_pkey PRIMARY KEY (id);


--
-- Name: rrepository rrepository_pkey; Type: CONSTRAINT; Schema: public; Owner: postgres
--

ALTER TABLE ONLY public.rrepository
    ADD CONSTRAINT rrepository_pkey PRIMARY KEY (id);


--
-- Name: submission_event submission_event_pkey; Type: CONSTRAINT; Schema: public; Owner: postgres
--

ALTER TABLE ONLY public.submission_event
    ADD CONSTRAINT submission_event_pkey PRIMARY KEY (id);


--
-- Name: submission submission_pkey; Type: CONSTRAINT; Schema: public; Owner: postgres
--

ALTER TABLE ONLY public.submission
    ADD CONSTRAINT submission_pkey PRIMARY KEY (id);


--
-- Name: user user_email_key; Type: CONSTRAINT; Schema: public; Owner: postgres
--

ALTER TABLE ONLY public."user"
    ADD CONSTRAINT user_email_key UNIQUE (email);


--
-- Name: user_event user_event_pkey; Type: CONSTRAINT; Schema: public; Owner: postgres
--

ALTER TABLE ONLY public.user_event
    ADD CONSTRAINT user_event_pkey PRIMARY KEY (id);


--
-- Name: user user_login_key; Type: CONSTRAINT; Schema: public; Owner: postgres
--

ALTER TABLE ONLY public."user"
    ADD CONSTRAINT user_login_key UNIQUE (login);


--
-- Name: user user_pkey; Type: CONSTRAINT; Schema: public; Owner: postgres
--

ALTER TABLE ONLY public."user"
    ADD CONSTRAINT user_pkey PRIMARY KEY (id);


--
-- Name: newsfeed_event author; Type: FK CONSTRAINT; Schema: public; Owner: postgres
--

ALTER TABLE ONLY public.newsfeed_event
    ADD CONSTRAINT author FOREIGN KEY (author_id) REFERENCES public."user"(id);


--
-- Name: package_event by_user; Type: FK CONSTRAINT; Schema: public; Owner: postgres
--

ALTER TABLE ONLY public.package_event
    ADD CONSTRAINT by_user FOREIGN KEY (changed_by) REFERENCES public."user"(id);


--
-- Name: package_event doing_event; Type: FK CONSTRAINT; Schema: public; Owner: postgres
--

ALTER TABLE ONLY public.package_event
    ADD CONSTRAINT doing_event FOREIGN KEY (event_id) REFERENCES public.event(id);


--
-- Name: submission for_package; Type: FK CONSTRAINT; Schema: public; Owner: postgres
--

ALTER TABLE ONLY public.submission
    ADD CONSTRAINT for_package FOREIGN KEY (package_id) REFERENCES public.package(id);


--
-- Name: package for_repository; Type: FK CONSTRAINT; Schema: public; Owner: postgres
--

ALTER TABLE ONLY public.package
    ADD CONSTRAINT for_repository FOREIGN KEY (repository_id) REFERENCES public.repository(id);


--
-- Name: submission from_user; Type: FK CONSTRAINT; Schema: public; Owner: postgres
--

ALTER TABLE ONLY public.submission
    ADD CONSTRAINT from_user FOREIGN KEY (submitter_id) REFERENCES public."user"(id);


--
-- Name: user has_role; Type: FK CONSTRAINT; Schema: public; Owner: postgres
--

ALTER TABLE ONLY public."user"
    ADD CONSTRAINT has_role FOREIGN KEY (role_id) REFERENCES public.role(id);


--
-- Name: package is_maintainer_of; Type: FK CONSTRAINT; Schema: public; Owner: postgres
--

ALTER TABLE ONLY public.package
    ADD CONSTRAINT is_maintainer_of FOREIGN KEY (maintainer_id) REFERENCES public."user"(id);


--
-- Name: package_maintainer is_package_maintainer; Type: FK CONSTRAINT; Schema: public; Owner: postgres
--

ALTER TABLE ONLY public.package_maintainer
    ADD CONSTRAINT is_package_maintainer FOREIGN KEY (user_id) REFERENCES public."user"(id);


--
-- Name: package_maintainer is_package_maintainer_of; Type: FK CONSTRAINT; Schema: public; Owner: postgres
--

ALTER TABLE ONLY public.package_maintainer
    ADD CONSTRAINT is_package_maintainer_of FOREIGN KEY (repository_id) REFERENCES public.repository(id);


--
-- Name: repository_maintainer is_repository_maintainer; Type: FK CONSTRAINT; Schema: public; Owner: postgres
--

ALTER TABLE ONLY public.repository_maintainer
    ADD CONSTRAINT is_repository_maintainer FOREIGN KEY (user_id) REFERENCES public."user"(id);


--
-- Name: changed_variable newsfeed_event; Type: FK CONSTRAINT; Schema: public; Owner: postgres
--

ALTER TABLE ONLY public.changed_variable
    ADD CONSTRAINT newsfeed_event FOREIGN KEY (newsfeed_event_id) REFERENCES public.newsfeed_event(id) ON DELETE CASCADE;


--
-- Name: package_event of_package; Type: FK CONSTRAINT; Schema: public; Owner: postgres
--

ALTER TABLE ONLY public.package_event
    ADD CONSTRAINT of_package FOREIGN KEY (package_id) REFERENCES public.package(id);


--
-- Name: package_maintainer_event of_package_maintainer; Type: FK CONSTRAINT; Schema: public; Owner: postgres
--

ALTER TABLE ONLY public.package_maintainer_event
    ADD CONSTRAINT of_package_maintainer FOREIGN KEY (package_maintainer_id) REFERENCES public.package_maintainer(id);


--
-- Name: repository_maintainer of_repository; Type: FK CONSTRAINT; Schema: public; Owner: postgres
--

ALTER TABLE ONLY public.repository_maintainer
    ADD CONSTRAINT of_repository FOREIGN KEY (repository_id) REFERENCES public.repository(id);


--
-- Name: repository_maintainer_event of_repository_maintainer; Type: FK CONSTRAINT; Schema: public; Owner: postgres
--

ALTER TABLE ONLY public.repository_maintainer_event
    ADD CONSTRAINT of_repository_maintainer FOREIGN KEY (repository_maintainer_id) REFERENCES public.repository_maintainer(id);


--
-- Name: submission_event of_submission; Type: FK CONSTRAINT; Schema: public; Owner: postgres
--

ALTER TABLE ONLY public.submission_event
    ADD CONSTRAINT of_submission FOREIGN KEY (submission_id) REFERENCES public.submission(id);


--
-- Name: user_event of_user; Type: FK CONSTRAINT; Schema: public; Owner: postgres
--

ALTER TABLE ONLY public.user_event
    ADD CONSTRAINT of_user FOREIGN KEY (user_id) REFERENCES public."user"(id);


--
-- Name: newsfeed_event related_package; Type: FK CONSTRAINT; Schema: public; Owner: postgres
--

ALTER TABLE ONLY public.newsfeed_event
    ADD CONSTRAINT related_package FOREIGN KEY (related_package_id) REFERENCES public.package(id);


--
-- Name: newsfeed_event related_packagemaintainer; Type: FK CONSTRAINT; Schema: public; Owner: postgres
--

ALTER TABLE ONLY public.newsfeed_event
    ADD CONSTRAINT related_packagemaintainer FOREIGN KEY (related_packagemaintainer_id) REFERENCES public.package_maintainer(id);


--
-- Name: newsfeed_event related_repository; Type: FK CONSTRAINT; Schema: public; Owner: postgres
--

ALTER TABLE ONLY public.newsfeed_event
    ADD CONSTRAINT related_repository FOREIGN KEY (related_repository_id) REFERENCES public.repository(id);


--
-- Name: newsfeed_event related_repositorymaintainer; Type: FK CONSTRAINT; Schema: public; Owner: postgres
--

ALTER TABLE ONLY public.newsfeed_event
    ADD CONSTRAINT related_repositorymaintainer FOREIGN KEY (related_repositorymaintainer_id) REFERENCES public.repository_maintainer(id);


--
-- Name: newsfeed_event related_submission; Type: FK CONSTRAINT; Schema: public; Owner: postgres
--

ALTER TABLE ONLY public.newsfeed_event
    ADD CONSTRAINT related_submission FOREIGN KEY (related_submission_id) REFERENCES public.submission(id);


--
-- Name: newsfeed_event related_user; Type: FK CONSTRAINT; Schema: public; Owner: postgres
--

ALTER TABLE ONLY public.newsfeed_event
    ADD CONSTRAINT related_user FOREIGN KEY (related_user_id) REFERENCES public."user"(id);


--
-- PostgreSQL database dump complete
--

